;model;data_name;column;representation;metric;score;std;recovery_method
0;Diffusion;air_quality;AH;ts;disc_score;0.6009734797921448;0.006168210696435655;NaN
1;TimeGAN;air_quality;AH;ts;disc_score;0.0070611139875836;0.0142628799696412;NaN
2;WGAN_GP;air_quality;AH;gasf;disc_score;0.693789541721344;0.0023767115943058;columns_random
3;WGAN_GP;air_quality;AH;xirp;disc_score;0.6973531484603882;0.0056167135473789;columns_random
4;WGAN_GP;air_quality;AH;naive;disc_score;0.6923358738422394;0.0021682674080618;columns_random
5;Diffusion;air_quality;AH;ts;pred_score;0.3880453524632232;0.23917827941023456;NaN
6;TimeGAN;air_quality;AH;ts;pred_score;0.96178857088089;0.049671070339276;NaN
7;WGAN_GP;air_quality;AH;gasf;pred_score;0.1383248962461948;0.2859036678522271;columns_random
8;WGAN_GP;air_quality;AH;xirp;pred_score;0.1427883952856063;0.2843837123541606;columns_random
9;WGAN_GP;air_quality;AH;naive;pred_score;0.1365696046501398;0.2864511801503941;columns_random
10;Diffusion;air_quality;C6H6_GT_;ts;disc_score;0.7079472535656363;0.01406752348301715;NaN
11;TimeGAN;air_quality;C6H6_GT_;ts;disc_score;0.685586827993393;0.0056804656526642;NaN
12;WGAN_GP;air_quality;C6H6_GT_;gasf;disc_score;0.6777542054653167;0.012048586219199;columns_random
13;WGAN_GP;air_quality;C6H6_GT_;xirp;disc_score;0.6733264744281768;0.0102524801282041;columns_random
14;WGAN_GP;air_quality;C6H6_GT_;naive;disc_score;0.6772084176540375;0.0217773114373707;columns_random
15;Diffusion;air_quality;C6H6_GT_;ts;pred_score;0.22603260067392336;0.24985056918767243;NaN
16;TimeGAN;air_quality;C6H6_GT_;ts;pred_score;0.1400565139949321;0.2037246905457368;NaN
17;WGAN_GP;air_quality;C6H6_GT_;gasf;pred_score;0.239851213991642;0.2557298022630471;columns_random
18;WGAN_GP;air_quality;C6H6_GT_;xirp;pred_score;0.2393647648394107;0.2560754739330191;columns_random
19;WGAN_GP;air_quality;C6H6_GT_;naive;pred_score;0.2367262475192547;0.25746784889746;columns_random
20;Diffusion;air_quality;CO_GT_;ts;disc_score;0.4972566485404968;0.1667436682969043;NaN
21;TimeGAN;air_quality;CO_GT_;ts;disc_score;0.652905824215269;0.049977944810385914;NaN
22;WGAN_GP;air_quality;CO_GT_;gasf;disc_score;0.690715777873993;0.0055096793307038;columns_random
23;WGAN_GP;air_quality;CO_GT_;xirp;disc_score;0.6913577020168304;0.0037764784963703;columns_random
24;WGAN_GP;air_quality;CO_GT_;naive;disc_score;0.6912316799163818;0.0056118287569828;columns_random
25;Diffusion;air_quality;CO_GT_;ts;pred_score;0.495368318259716;0.2349430616837038;NaN
26;TimeGAN;air_quality;CO_GT_;ts;pred_score;0.5152804851495677;0.3278640214430394;NaN
27;WGAN_GP;air_quality;CO_GT_;gasf;pred_score;0.4469432666897773;0.3316808234308311;columns_random
28;WGAN_GP;air_quality;CO_GT_;xirp;pred_score;0.4493677034974098;0.330122623024701;columns_random
29;WGAN_GP;air_quality;CO_GT_;naive;pred_score;0.4477305322885513;0.3311616913034432;columns_random
30;Diffusion;air_quality;NMHC_GT_;ts;disc_score;0.5446630614887753;0.026443251448535876;NaN
31;TimeGAN;air_quality;NMHC_GT_;ts;disc_score;0.2359838396310806;0.0346051591664327;NaN
32;WGAN_GP;air_quality;NMHC_GT_;gasf;disc_score;0.6355688035488128;0.022271710455764;columns_random
33;WGAN_GP;air_quality;NMHC_GT_;xirp;disc_score;0.6140849530696869;0.0211709990514317;columns_random
34;WGAN_GP;air_quality;NMHC_GT_;naive;disc_score;0.6101183295249939;0.0218809961330893;columns_random
35;Diffusion;air_quality;NMHC_GT_;ts;pred_score;0.6706444433063666;0.0003224140272329614;NaN
36;TimeGAN;air_quality;NMHC_GT_;ts;pred_score;0.6020095407962799;0.001208887073759;NaN
37;WGAN_GP;air_quality;NMHC_GT_;gasf;pred_score;0.6003336310386658;0.0391307590954574;columns_random
38;WGAN_GP;air_quality;NMHC_GT_;xirp;pred_score;0.6376564353628407;0.0126290216570416;columns_random
39;WGAN_GP;air_quality;NMHC_GT_;naive;pred_score;0.6572433301205829;0.0441207346068109;columns_random
40;Diffusion;air_quality;NO2_GT_;ts;disc_score;0.7199667714284459;0.016563210002813095;NaN
41;TimeGAN;air_quality;NO2_GT_;ts;disc_score;0.5004216641187668;0.0303383637854781;NaN
42;WGAN_GP;air_quality;NO2_GT_;gasf;disc_score;0.6792920589447021;0.0100019403900333;columns_random
43;WGAN_GP;air_quality;NO2_GT_;xirp;disc_score;0.6784387528896332;0.0108767365063896;columns_random
44;WGAN_GP;air_quality;NO2_GT_;naive;disc_score;0.6742124319076538;0.0120567761998217;columns_random
45;Diffusion;air_quality;NO2_GT_;ts;pred_score;0.32298284485494594;0.07887734557701198;NaN
46;TimeGAN;air_quality;NO2_GT_;ts;pred_score;0.2852858692407608;0.0076969163344713;NaN
47;WGAN_GP;air_quality;NO2_GT_;gasf;pred_score;0.3150483787059784;0.0991503367190222;columns_random
48;WGAN_GP;air_quality;NO2_GT_;xirp;pred_score;0.3113595455884933;0.1003299152598168;columns_random
49;WGAN_GP;air_quality;NO2_GT_;naive;pred_score;0.28498028544703574;0.0991503367190222;columns_random
50;Diffusion;air_quality;NOx_GT_;ts;disc_score;0.5686968695106553;0.02380870445918044;NaN
51;TimeGAN;air_quality;NOx_GT_;ts;disc_score;0.234324525296688;0.032557483160492;NaN
52;WGAN_GP;air_quality;NOx_GT_;gasf;disc_score;0.646801644563675;0.0173561682575297;columns_random
53;WGAN_GP;air_quality;NOx_GT_;xirp;disc_score;0.6479190766811371;0.0200380006918448;columns_random
54;WGAN_GP;air_quality;NOx_GT_;naive;disc_score;0.6558300375938415;0.0194817664498454;columns_random
55;Diffusion;air_quality;NOx_GT_;ts;pred_score;0.34690552152738796;0.008492842450135867;NaN
56;TimeGAN;air_quality;NOx_GT_;ts;pred_score;0.3458504617214203;0.0080641468466292;NaN
57;WGAN_GP;air_quality;NOx_GT_;gasf;pred_score;0.3288757979869842;0.0080829633962289;columns_random
58;WGAN_GP;air_quality;NOx_GT_;xirp;pred_score;0.3285814672708511;0.0081137614490457;columns_random
59;WGAN_GP;air_quality;NOx_GT_;naive;pred_score;0.3293626874685287;0.0072977814136884;columns_random
60;Diffusion;air_quality;PT08_S1_CO_;ts;disc_score;0.6674516313031101;0.020705123400444843;NaN
61;TimeGAN;air_quality;PT08_S1_CO_;ts;disc_score;0.2876363471150398;0.0328163105260675;NaN
62;WGAN_GP;air_quality;PT08_S1_CO_;gasf;disc_score;0.6852391183376312;0.0081634649249133;columns_random
63;WGAN_GP;air_quality;PT08_S1_CO_;xirp;disc_score;0.6724131286144257;0.0264198592519174;columns_random
64;WGAN_GP;air_quality;PT08_S1_CO_;naive;disc_score;0.6781835675239563;0.01431580305195;columns_random
65;Diffusion;air_quality;PT08_S1_CO_;ts;pred_score;0.1638743818541578;0.0561674503137544;NaN
66;TimeGAN;air_quality;PT08_S1_CO_;ts;pred_score;0.1791653916239738;0.0097344062934495;NaN
67;WGAN_GP;air_quality;PT08_S1_CO_;gasf;pred_score;0.1468012645840644;0.0618751117143802;columns_random
68;WGAN_GP;air_quality;PT08_S1_CO_;xirp;pred_score;0.1466014973819255;0.0620426304174904;columns_random
69;WGAN_GP;air_quality;PT08_S1_CO_;naive;pred_score;0.1471177250146866;0.061747154865662;columns_random
70;Diffusion;air_quality;PT08_S2_NMHC_;ts;disc_score;0.40022542647918474;0.027014195364929543;NaN
71;TimeGAN;air_quality;PT08_S2_NMHC_;ts;disc_score;0.1238751135766506;0.022360280207795;NaN
72;WGAN_GP;air_quality;PT08_S2_NMHC_;gasf;disc_score;0.4669742524623871;0.0211918108943198;columns_random
73;WGAN_GP;air_quality;PT08_S2_NMHC_;xirp;disc_score;0.4994174748659133;0.0329130711885161;columns_random
74;WGAN_GP;air_quality;PT08_S2_NMHC_;naive;disc_score;0.4941653788089752;0.0291002490336339;columns_random
75;Diffusion;air_quality;PT08_S2_NMHC_;ts;pred_score;0.22095687754104118;0.03356080792143865;NaN
76;TimeGAN;air_quality;PT08_S2_NMHC_;ts;pred_score;0.2078722819685936;0.0333732231458229;NaN
77;WGAN_GP;air_quality;PT08_S2_NMHC_;gasf;pred_score;0.1901141554117202;0.0299114901715829;columns_random
78;WGAN_GP;air_quality;PT08_S2_NMHC_;xirp;pred_score;0.1883682548999786;0.0306471934952991;columns_random
79;WGAN_GP;air_quality;PT08_S2_NMHC_;naive;pred_score;0.1891314387321472;0.0306230701781639;columns_random
80;Diffusion;air_quality;PT08_S3_NOx_;ts;disc_score;0.4902863089804873;0.03185009969785035;NaN
81;TimeGAN;air_quality;PT08_S3_NOx_;ts;disc_score;0.1784269958734512;0.025885627485463;NaN
82;WGAN_GP;air_quality;PT08_S3_NOx_;gasf;disc_score;0.5285926550626755;0.0326517831995744;columns_random
83;WGAN_GP;air_quality;PT08_S3_NOx_;xirp;disc_score;0.5261158257722854;0.0272929243820216;columns_random
84;WGAN_GP;air_quality;PT08_S3_NOx_;naive;disc_score;0.5352610290050507;0.0318048927396197;columns_random
85;Diffusion;air_quality;PT08_S3_NOx_;ts;pred_score;0.1768482112692556;0.02916256997431939;NaN
86;TimeGAN;air_quality;PT08_S3_NOx_;ts;pred_score;0.1821018427610397;0.0082759777821344;NaN
87;WGAN_GP;air_quality;PT08_S3_NOx_;gasf;pred_score;0.1588860154151916;0.0317674256703703;columns_random
88;WGAN_GP;air_quality;PT08_S3_NOx_;xirp;pred_score;0.1595340654253959;0.0314625174332882;columns_random
89;WGAN_GP;air_quality;PT08_S3_NOx_;naive;pred_score;0.1602692484855651;0.0311300925619648;columns_random
90;Diffusion;air_quality;PT08_S4_NO2_;ts;disc_score;0.5159595299038137;0.02544798511761247;NaN
91;TimeGAN;air_quality;PT08_S4_NO2_;ts;disc_score;0.039104105066508;0.0270006821618376;NaN
92;WGAN_GP;air_quality;PT08_S4_NO2_;gasf;disc_score;0.6374772250652313;0.0224658333049689;columns_random
93;WGAN_GP;air_quality;PT08_S4_NO2_;xirp;disc_score;0.6442210733890533;0.025862469899846;columns_random
94;WGAN_GP;air_quality;PT08_S4_NO2_;naive;disc_score;0.6624645948410034;0.0205279634442035;columns_random
95;Diffusion;air_quality;PT08_S4_NO2_;ts;pred_score;0.1445264448012265;0.04506277142011018;NaN
96;TimeGAN;air_quality;PT08_S4_NO2_;ts;pred_score;0.1796520575881004;0.0397812908698507;NaN
97;WGAN_GP;air_quality;PT08_S4_NO2_;gasf;pred_score;0.1284187205135822;0.0430844944507058;columns_random
98;WGAN_GP;air_quality;PT08_S4_NO2_;xirp;pred_score;0.1281012237071991;0.0432219409046432;columns_random
99;WGAN_GP;air_quality;PT08_S4_NO2_;naive;pred_score;0.127077692747116;0.0435820271420923;columns_random
100;Diffusion;air_quality;PT08_S5_O3_;ts;disc_score;0.43837133300917414;0.03514071247397373;NaN
101;TimeGAN;air_quality;PT08_S5_O3_;ts;disc_score;0.1616257563233375;0.0153597639455895;NaN
102;WGAN_GP;air_quality;PT08_S5_O3_;gasf;disc_score;0.478395402431488;0.0418264854070609;columns_random
103;WGAN_GP;air_quality;PT08_S5_O3_;xirp;disc_score;0.4613152205944061;0.0382385876686458;columns_random
104;WGAN_GP;air_quality;PT08_S5_O3_;naive;disc_score;0.4694276332855224;0.0304727021339431;columns_random
105;Diffusion;air_quality;PT08_S5_O3_;ts;pred_score;0.26706390654546447;0.012348629698566874;NaN
106;TimeGAN;air_quality;PT08_S5_O3_;ts;pred_score;0.2625967383384704;0.0060041787624012;NaN
107;WGAN_GP;air_quality;PT08_S5_O3_;gasf;pred_score;0.2568792298436165;0.0133441865243022;columns_random
108;WGAN_GP;air_quality;PT08_S5_O3_;xirp;pred_score;0.257166887819767;0.0128594495602544;columns_random
109;WGAN_GP;air_quality;PT08_S5_O3_;naive;pred_score;0.2574301704764366;0.012315299872349;columns_random
110;Diffusion;air_quality;RH;ts;disc_score;0.7286736543531894;0.014309987711102538;NaN
111;TimeGAN;air_quality;RH;ts;disc_score;0.6493564724922181;0.0113556387686694;NaN
112;WGAN_GP;air_quality;RH;gasf;disc_score;0.6792051732540131;0.0176848838467106;columns_random
113;WGAN_GP;air_quality;RH;xirp;disc_score;0.680265462398529;0.0140097258726915;columns_random
114;WGAN_GP;air_quality;RH;naive;disc_score;0.6827097654342651;0.0108799662511631;columns_random
115;Diffusion;air_quality;RH;ts;pred_score;0.1756665540910684;0.23492257507003397;NaN
116;TimeGAN;air_quality;RH;ts;pred_score;0.1571451358497143;0.2095148625543485;NaN
117;WGAN_GP;air_quality;RH;gasf;pred_score;0.1678980432450771;0.2061954827243997;columns_random
118;WGAN_GP;air_quality;RH;xirp;pred_score;0.1628684937953949;0.2078543083437701;columns_random
119;WGAN_GP;air_quality;RH;naive;pred_score;0.1649401187896728;0.207092211197375;columns_random
120;Diffusion;air_quality;T;ts;disc_score;0.745018434436667;0.00672799507974223;NaN
121;TimeGAN;air_quality;T;ts;disc_score;0.675220501422882;0.007282046118887;NaN
122;WGAN_GP;air_quality;T;gasf;disc_score;0.6842904388904572;0.0051545895811615;columns_random
123;WGAN_GP;air_quality;T;xirp;disc_score;0.6860120952129364;0.0076831904599813;columns_random
124;WGAN_GP;air_quality;T;naive;disc_score;0.6807270526885987;0.0043427162419429;columns_random
125;Diffusion;air_quality;T;ts;pred_score;0.09934209944343078;0.0071483580988147425;NaN
126;TimeGAN;air_quality;T;ts;pred_score;0.0844929650425911;0.002863731306779;NaN
127;WGAN_GP;air_quality;T;gasf;pred_score;0.10203827470541;0.0074066888725381;columns_random
128;WGAN_GP;air_quality;T;xirp;pred_score;0.1040040828287601;0.0056337947428688;columns_random
129;WGAN_GP;air_quality;T;naive;pred_score;0.1018191963434219;0.009675957543635;columns_random
130;Diffusion;bike_share;atemp;ts;disc_score;0.0002015873134951;9.49628391910065e-05;NaN
131;TimeGAN;bike_share;atemp;ts;disc_score;0.552592933177948;0.0254132137886869;NaN
132;WGAN_GP;bike_share;atemp;gasf;disc_score;0.6814612686634064;0.0231310062493731;columns_random
133;WGAN_GP;bike_share;atemp;xirp;disc_score;0.6807512462139129;0.0201679861626008;columns_random
134;WGAN_GP;bike_share;atemp;naive;disc_score;0.6868687331676483;0.0251832443858117;columns_random
135;Diffusion;bike_share;atemp;ts;pred_score;0.9595945805311203;0.0201455185877798;NaN
136;TimeGAN;bike_share;atemp;ts;pred_score;0.9308632612228394;0.0044940127992582;NaN
137;WGAN_GP;bike_share;atemp;gasf;pred_score;0.9283208549022676;4.24301766807983e-06;columns_random
138;WGAN_GP;bike_share;atemp;xirp;pred_score;1.0202895084521646;4.24301766807983e-06;columns_random
139;WGAN_GP;bike_share;atemp;naive;pred_score;0.8623821011548817;4.24301766807983e-06;columns_random
140;Diffusion;bike_share;casual;ts;disc_score;0.000743585480086;0.0003414894934504;NaN
141;TimeGAN;bike_share;casual;ts;disc_score;0.6271727859973908;0.0124741520208066;NaN
142;WGAN_GP;bike_share;casual;gasf;disc_score;0.692424190044403;0.0016209654886475;columns_random
143;WGAN_GP;bike_share;casual;xirp;disc_score;0.6943707942962647;0.0034802440684874;columns_random
144;WGAN_GP;bike_share;casual;naive;disc_score;0.6933086395263672;0.0029700859450565;columns_random
145;Diffusion;bike_share;casual;ts;pred_score;0.8883052825927734;9.480926668271632e-05;NaN
146;TimeGAN;bike_share;casual;ts;pred_score;0.8600823283195496;0.0001235768862341;NaN
147;WGAN_GP;bike_share;casual;gasf;pred_score;0.8601266145706177;0.00686345;columns_random
148;WGAN_GP;bike_share;casual;xirp;pred_score;0.933396660878526;0.0432253897001563;columns_random
149;WGAN_GP;bike_share;casual;naive;pred_score;0.7901907944518645;0.0210463502161785;columns_random
150;Diffusion;bike_share;cnt;ts;disc_score;0.0022096784698078;0.0012963120897959;NaN
151;TimeGAN;bike_share;cnt;ts;disc_score;0.4180725187063217;0.0408605116587032;NaN
152;WGAN_GP;bike_share;cnt;gasf;disc_score;0.6778586626052856;0.0114609287130866;columns_random
153;WGAN_GP;bike_share;cnt;xirp;disc_score;0.6662807106971741;0.0134079612929152;columns_random
154;WGAN_GP;bike_share;cnt;naive;disc_score;0.6786637604236603;0.0125509427660639;columns_random
155;Diffusion;bike_share;cnt;ts;pred_score;0.6360568553209305;0.0032582668100274;NaN
156;TimeGAN;bike_share;cnt;ts;pred_score;0.6142887473106384;0.0066883634147968;NaN
157;WGAN_GP;bike_share;cnt;gasf;pred_score;0.6145608425140381;0.0185775908952099;columns_random
158;WGAN_GP;bike_share;cnt;xirp;pred_score;0.6615555686672598;0.0298622255015352;columns_random
159;WGAN_GP;bike_share;cnt;naive;pred_score;0.6505418322936046;0.0099052913644296;columns_random
160;Diffusion;bike_share;hum;ts;disc_score;0.365893942117691;0.0140455756210348;NaN
161;TimeGAN;bike_share;hum;ts;disc_score;0.426573571562767;0.0241305472421822;NaN
162;WGAN_GP;bike_share;hum;gasf;disc_score;0.6277409672737122;0.023851848300884;columns_random
163;WGAN_GP;bike_share;hum;xirp;disc_score;0.6121641576290131;0.0258126829928981;columns_random
164;WGAN_GP;bike_share;hum;naive;disc_score;0.6218737423419952;0.0226274278471514;columns_random
165;Diffusion;bike_share;hum;ts;pred_score;0.2298314042389392;0.0675921601893664;NaN
166;TimeGAN;bike_share;hum;ts;pred_score;0.3389127820730209;0.0326190637657318;NaN
167;WGAN_GP;bike_share;hum;gasf;pred_score;0.3274341255426407;0.0485867816480562;columns_random
168;WGAN_GP;bike_share;hum;xirp;pred_score;0.3273552149534225;0.0486338423264446;columns_random
169;WGAN_GP;bike_share;hum;naive;pred_score;0.30080495346396363;0.0485867816480562;columns_random
170;Diffusion;bike_share;registered;ts;disc_score;0.0009296225929574;0.000551046239397;NaN
171;TimeGAN;bike_share;registered;ts;disc_score;0.4197829037904739;0.0285898147508155;NaN
172;WGAN_GP;bike_share;registered;gasf;disc_score;0.6669064402580261;0.0136484697569913;columns_random
173;WGAN_GP;bike_share;registered;xirp;disc_score;0.6613009631633758;0.0159210871233598;columns_random
174;WGAN_GP;bike_share;registered;naive;disc_score;0.6649840116500855;0.0169152697036837;columns_random
175;Diffusion;bike_share;registered;ts;pred_score;0.6494583398103714;0.0040756778977155;NaN
176;TimeGAN;bike_share;registered;ts;pred_score;0.6311541378498078;0.0013995230197906;NaN
177;WGAN_GP;bike_share;registered;gasf;pred_score;0.6318910121917725;0.0292756585552825;columns_random
178;WGAN_GP;bike_share;registered;xirp;pred_score;0.6693004906264768;0.0202494011429863;columns_random
179;WGAN_GP;bike_share;registered;naive;pred_score;0.6052654477583933;0.0082775547746032;columns_random
180;Diffusion;bike_share;temp;ts;disc_score;0.438077849149704;0.0223680027931901;NaN
181;TimeGAN;bike_share;temp;ts;disc_score;0.6210658511754227;0.026440938508722454;NaN
182;WGAN_GP;bike_share;temp;gasf;disc_score;0.6287308394908905;0.0337520259096141;columns_random
183;WGAN_GP;bike_share;temp;xirp;disc_score;0.6138508439064025;0.0208969063152711;columns_random
184;WGAN_GP;bike_share;temp;naive;disc_score;0.6183573246002197;0.0211502884774416;columns_random
185;Diffusion;bike_share;temp;ts;pred_score;0.3474383965134621;0.0111440918083808;NaN
186;TimeGAN;bike_share;temp;ts;pred_score;0.3064987205808348;0.0174384749458155;NaN
187;WGAN_GP;bike_share;temp;gasf;pred_score;0.2813318401575088;0.0168436032122882;columns_random
188;WGAN_GP;bike_share;temp;xirp;pred_score;0.2811366975307464;0.0169551293449377;columns_random
189;WGAN_GP;bike_share;temp;naive;pred_score;0.2811983078718185;0.0169181095927623;columns_random
190;Diffusion;bike_share;windspeed;ts;disc_score;5.67742371195834e-06;5.384954593899719e-06;NaN
191;TimeGAN;bike_share;windspeed;ts;disc_score;0.6048141479492187;0.0221669065087317;NaN
192;WGAN_GP;bike_share;windspeed;gasf;disc_score;0.6902252614498139;0.0100868719122831;columns_random
193;WGAN_GP;bike_share;windspeed;xirp;disc_score;0.6911696016788482;0.0055152685077842;columns_random
194;WGAN_GP;bike_share;windspeed;naive;disc_score;0.6857102930545806;0.0060115540033618;columns_random
195;Diffusion;bike_share;windspeed;ts;pred_score;0.9562822371721268;0.0027785272619115;NaN
196;TimeGAN;bike_share;windspeed;ts;pred_score;1.0033889830112457;0.0070122478240257;NaN
197;WGAN_GP;bike_share;windspeed;gasf;pred_score;0.9982324182987212;0.0001201055968161;columns_random
198;WGAN_GP;bike_share;windspeed;xirp;pred_score;1.054119124313864;0.0001201055968161;columns_random
199;WGAN_GP;bike_share;windspeed;naive;pred_score;1.0770582480299862;0.0001201055968161;columns_random
200;Diffusion;brownian_motion;bm_sigma_090;ts;disc_score;0.4949993997812271;0.0247899329952516;NaN
201;TimeGAN;brownian_motion;bm_sigma_090;ts;disc_score;0.1612136706709862;0.0424111847150163;NaN
202;WGAN_GP;brownian_motion;bm_sigma_090;gasf;disc_score;0.38731797090423303;0.03629256178756804;columns_random
203;WGAN_GP;brownian_motion;bm_sigma_090;xirp;disc_score;0.37902181064357465;0.034718615558924526;columns_random
204;WGAN_GP;brownian_motion;bm_sigma_090;naive;disc_score;0.4122956663370132;0.0303774374678409;columns_random
205;Diffusion;brownian_motion;bm_sigma_090;ts;pred_score;0.3166240721940994;0.0126390384589226;NaN
206;TimeGAN;brownian_motion;bm_sigma_090;ts;pred_score;0.3244183480739593;0.0061522391326259;NaN
207;WGAN_GP;brownian_motion;bm_sigma_090;gasf;pred_score;0.3499702537497038;0.009408389437487268;columns_random
208;WGAN_GP;brownian_motion;bm_sigma_090;xirp;pred_score;0.3259991313074575;0.009091429245804483;columns_random
209;WGAN_GP;brownian_motion;bm_sigma_090;naive;pred_score;0.314478063583374;0.008076113536055;columns_random
210;Diffusion;brownian_motion;bm_sigma_091;ts;disc_score;0.552923396229744;0.0230035078154847;NaN
211;TimeGAN;brownian_motion;bm_sigma_091;ts;disc_score;0.3550824522972107;0.0331907298345519;NaN
212;WGAN_GP;brownian_motion;bm_sigma_091;gasf;disc_score;0.1214566797018051;0.0343059695849323;columns_random
213;WGAN_GP;brownian_motion;bm_sigma_091;xirp;disc_score;0.1869717247784137;0.0551771252896056;columns_random
214;WGAN_GP;brownian_motion;bm_sigma_091;naive;disc_score;0.5521792352199555;0.0286160221670378;columns_random
215;Diffusion;brownian_motion;bm_sigma_091;ts;pred_score;0.2214468695223331;0.0261201369022665;NaN
216;TimeGAN;brownian_motion;bm_sigma_091;ts;pred_score;0.2188273757696151;0.0212384251338835;NaN
217;WGAN_GP;brownian_motion;bm_sigma_091;gasf;pred_score;0.114039684087038;0.0153537666307376;columns_random
218;WGAN_GP;brownian_motion;bm_sigma_091;xirp;pred_score;0.1167694360017776;0.0172367758129719;columns_random
219;WGAN_GP;brownian_motion;bm_sigma_091;naive;pred_score;0.2286635071039199;0.0212233303785458;columns_random
220;Diffusion;brownian_motion;bm_sigma_092;ts;disc_score;0.5372070446610451;0.0246355570354521;NaN
221;TimeGAN;brownian_motion;bm_sigma_092;ts;disc_score;0.4165351241827011;0.0236947060323173;NaN
222;WGAN_GP;brownian_motion;bm_sigma_092;gasf;disc_score;0.0866048637777567;0.0263814366806479;columns_random
223;WGAN_GP;brownian_motion;bm_sigma_092;xirp;disc_score;0.1169218949973583;0.0491610849560005;columns_random
224;WGAN_GP;brownian_motion;bm_sigma_092;naive;disc_score;0.5271566689014435;0.0281407775588415;columns_random
225;Diffusion;brownian_motion;bm_sigma_092;ts;pred_score;0.2465929858386516;0.0170510665574745;NaN
226;TimeGAN;brownian_motion;bm_sigma_092;ts;pred_score;0.2420483365654945;0.0133346761573315;NaN
227;WGAN_GP;brownian_motion;bm_sigma_092;gasf;pred_score;0.0872482977807521;0.0082628079459992;columns_random
228;WGAN_GP;brownian_motion;bm_sigma_092;xirp;pred_score;0.0872482925653457;0.0082628091428449;columns_random
229;WGAN_GP;brownian_motion;bm_sigma_092;naive;pred_score;0.2542155846953392;0.0094312006712496;columns_random
230;Diffusion;brownian_motion;bm_sigma_093;ts;disc_score;0.5272128835320473;0.0340907901660156;NaN
231;TimeGAN;brownian_motion;bm_sigma_093;ts;disc_score;0.3392428964376449;0.0323713557165291;NaN
232;WGAN_GP;brownian_motion;bm_sigma_093;gasf;disc_score;0.3730553358793259;0.064449985948943;columns_random
233;WGAN_GP;brownian_motion;bm_sigma_093;xirp;disc_score;0.4336410343647003;0.0773088525383676;columns_random
234;WGAN_GP;brownian_motion;bm_sigma_093;naive;disc_score;0.4945517301559448;0.0242927175809898;columns_random
235;Diffusion;brownian_motion;bm_sigma_093;ts;pred_score;0.1811900235712528;0.0503298438423316;NaN
236;TimeGAN;brownian_motion;bm_sigma_093;ts;pred_score;0.1996784716844558;0.0443648566301816;NaN
237;WGAN_GP;brownian_motion;bm_sigma_093;gasf;pred_score;0.0726052425801754;0.0058687986243239;columns_random
238;WGAN_GP;brownian_motion;bm_sigma_093;xirp;pred_score;0.072605238109827;0.0058687966643546;columns_random
239;WGAN_GP;brownian_motion;bm_sigma_093;naive;pred_score;0.215748506784439;0.0581783819782691;columns_random
240;Diffusion;brownian_motion;bm_sigma_094;ts;disc_score;0.600338363647461;0.0207128060349257;NaN
241;TimeGAN;brownian_motion;bm_sigma_094;ts;disc_score;0.2012900739908218;0.0229467701613673;NaN
242;WGAN_GP;brownian_motion;bm_sigma_094;gasf;disc_score;0.2704265654087067;0.0575654045581354;columns_random
243;WGAN_GP;brownian_motion;bm_sigma_094;xirp;disc_score;0.3040912672877311;0.0911888077540612;columns_random
244;WGAN_GP;brownian_motion;bm_sigma_094;naive;disc_score;0.516111946105957;0.0260492310224276;columns_random
245;Diffusion;brownian_motion;bm_sigma_094;ts;pred_score;0.2152355715632438;0.0206388522585455;NaN
246;TimeGAN;brownian_motion;bm_sigma_094;ts;pred_score;0.2364191174507141;0.0063052850694393;NaN
247;WGAN_GP;brownian_motion;bm_sigma_094;gasf;pred_score;0.1096218943595886;0.0098200213664248;columns_random
248;WGAN_GP;brownian_motion;bm_sigma_094;xirp;pred_score;0.11486712387395978;0.0098200213664248;columns_random
249;WGAN_GP;brownian_motion;bm_sigma_094;naive;pred_score;0.2153872102499008;0.0203572211738749;columns_random
250;Diffusion;brownian_motion;bm_sigma_095;ts;disc_score;0.4795022189617157;0.0438874526128661;NaN
251;TimeGAN;brownian_motion;bm_sigma_095;ts;disc_score;0.4800615936517715;0.0377657713058329;NaN
252;WGAN_GP;brownian_motion;bm_sigma_095;gasf;disc_score;0.0744714863598346;0.0385720968251993;columns_random
253;WGAN_GP;brownian_motion;bm_sigma_095;xirp;disc_score;0.0752953812479972;0.0250387720030375;columns_random
254;WGAN_GP;brownian_motion;bm_sigma_095;naive;disc_score;0.6020387053489685;0.0304970632005298;columns_random
255;Diffusion;brownian_motion;bm_sigma_095;ts;pred_score;0.2474846512079239;0.0624453413275142;NaN
256;TimeGAN;brownian_motion;bm_sigma_095;ts;pred_score;0.2402451545000076;0.034214467838151;NaN
257;WGAN_GP;brownian_motion;bm_sigma_095;gasf;pred_score;0.1110544443130493;0.013664071560447;columns_random
258;WGAN_GP;brownian_motion;bm_sigma_095;xirp;pred_score;0.111054441332817;0.0136640700774469;columns_random
259;WGAN_GP;brownian_motion;bm_sigma_095;naive;pred_score;0.2652281984686852;0.0631036443825625;columns_random
260;Diffusion;brownian_motion;bm_sigma_096;ts;disc_score;0.5028067767620087;0.0226227530672829;NaN
261;TimeGAN;brownian_motion;bm_sigma_096;ts;disc_score;0.3195585370063781;0.0227044771481935;NaN
262;WGAN_GP;brownian_motion;bm_sigma_096;gasf;disc_score;0.6654788374900817;0.0567025160680604;columns_random
263;WGAN_GP;brownian_motion;bm_sigma_096;xirp;disc_score;0.6382069826126099;0.0514038555858955;columns_random
264;WGAN_GP;brownian_motion;bm_sigma_096;naive;disc_score;0.6262283086776733;0.0270200693319293;columns_random
265;Diffusion;brownian_motion;bm_sigma_096;ts;pred_score;0.2592746570706367;0.0458378185660582;NaN
266;TimeGAN;brownian_motion;bm_sigma_096;ts;pred_score;0.2608451157808303;0.0303640101378197;NaN
267;WGAN_GP;brownian_motion;bm_sigma_096;gasf;pred_score;0.118961202353239;0.0179383788665345;columns_random
268;WGAN_GP;brownian_motion;bm_sigma_096;xirp;pred_score;0.12811929171103184;0.0179383788665345;columns_random
269;WGAN_GP;brownian_motion;bm_sigma_096;naive;pred_score;0.2542018741369247;0.0441361639633436;columns_random
270;Diffusion;brownian_motion;bm_sigma_097;ts;disc_score;0.5763247102499008;0.0184268542741487;NaN
271;TimeGAN;brownian_motion;bm_sigma_097;ts;disc_score;0.5712559163570404;0.0313355696793934;NaN
272;WGAN_GP;brownian_motion;bm_sigma_097;gasf;disc_score;0.3523198932409286;0.0851014386178022;columns_random
273;WGAN_GP;brownian_motion;bm_sigma_097;xirp;disc_score;0.3262179136276245;0.0513881306138967;columns_random
274;WGAN_GP;brownian_motion;bm_sigma_097;naive;disc_score;0.5726237893104553;0.0165804212549255;columns_random
275;Diffusion;brownian_motion;bm_sigma_097;ts;pred_score;0.2405017510056495;0.0317073652439629;NaN
276;TimeGAN;brownian_motion;bm_sigma_097;ts;pred_score;0.2124165028333663;0.0223231133929467;NaN
277;WGAN_GP;brownian_motion;bm_sigma_097;gasf;pred_score;0.0737202033400535;0.0068299777948629;columns_random
278;WGAN_GP;brownian_motion;bm_sigma_097;xirp;pred_score;0.0737202055752277;0.0068299785498449;columns_random
279;WGAN_GP;brownian_motion;bm_sigma_097;naive;pred_score;0.2269171595573425;0.0341010401800746;columns_random
280;Diffusion;brownian_motion;bm_sigma_098;ts;disc_score;0.4211904242634773;0.0361727973697387;NaN
281;TimeGAN;brownian_motion;bm_sigma_098;ts;disc_score;0.4555644243955612;0.0331048879780817;NaN
282;WGAN_GP;brownian_motion;bm_sigma_098;gasf;disc_score;0.6334141969680787;0.0183989075137876;columns_random
283;WGAN_GP;brownian_motion;bm_sigma_098;xirp;disc_score;0.6336195647716523;0.0202960500645579;columns_random
284;WGAN_GP;brownian_motion;bm_sigma_098;naive;disc_score;0.6225153386592865;0.0306248876035564;columns_random
285;Diffusion;brownian_motion;bm_sigma_098;ts;pred_score;0.3304142206907272;0.0348091847226009;NaN
286;TimeGAN;brownian_motion;bm_sigma_098;ts;pred_score;0.3061577558517456;0.040627728704644;NaN
287;WGAN_GP;brownian_motion;bm_sigma_098;gasf;pred_score;0.099589567631483;0.0115881698891551;columns_random
288;WGAN_GP;brownian_motion;bm_sigma_098;xirp;pred_score;0.0995895989239215;0.0115881672404743;columns_random
289;WGAN_GP;brownian_motion;bm_sigma_098;naive;pred_score;0.3088970452547073;0.038201039565554;columns_random
290;Diffusion;brownian_motion;bm_sigma_099;ts;disc_score;0.6104712694883346;0.0166763893953742;NaN
291;TimeGAN;brownian_motion;bm_sigma_099;ts;disc_score;0.4990931361913681;0.0284736530397935;NaN
292;WGAN_GP;brownian_motion;bm_sigma_099;gasf;disc_score;0.2455726817250251;0.0478788367328951;columns_random
293;WGAN_GP;brownian_motion;bm_sigma_099;xirp;disc_score;0.2932279452681541;0.0652565245605888;columns_random
294;WGAN_GP;brownian_motion;bm_sigma_099;naive;disc_score;0.6307251811027527;0.0206240975387058;columns_random
295;Diffusion;brownian_motion;bm_sigma_099;ts;pred_score;0.1882257744669914;0.0560587786083307;NaN
296;TimeGAN;brownian_motion;bm_sigma_099;ts;pred_score;0.2225583121180534;0.0635044332342856;NaN
297;WGAN_GP;brownian_motion;bm_sigma_099;gasf;pred_score;0.0649034447968006;0.0043419636529382;columns_random
298;WGAN_GP;brownian_motion;bm_sigma_099;xirp;pred_score;0.064903462678194;0.0043419561283595;columns_random
299;WGAN_GP;brownian_motion;bm_sigma_099;naive;pred_score;0.2115509018301963;0.072541250503952;columns_random
300;Diffusion;energy_data;Press_mm_hg;ts;disc_score;0.5578458964824676;0.0145750973095978;NaN
301;TimeGAN;energy_data;Press_mm_hg;ts;disc_score;0.7202206875226074;0.012453843520232514;NaN
302;WGAN_GP;energy_data;Press_mm_hg;gasf;disc_score;0.6929526805877686;0.0033728384138299;columns_random
303;WGAN_GP;energy_data;Press_mm_hg;xirp;disc_score;0.6915698230266571;0.0028666330762209;columns_random
304;WGAN_GP;energy_data;Press_mm_hg;naive;disc_score;0.6103866577148438;0.0243783764741605;columns_random
305;Diffusion;energy_data;Press_mm_hg;ts;pred_score;0.163243218883872;0.1422386452222923;NaN
306;TimeGAN;energy_data;Press_mm_hg;ts;pred_score;0.2011083306556127;0.1833229533822413;NaN
307;WGAN_GP;energy_data;Press_mm_hg;gasf;pred_score;0.1598683603107929;0.1945929566086695;columns_random
308;WGAN_GP;energy_data;Press_mm_hg;xirp;pred_score;0.1598683558404445;0.1945929582323608;columns_random
309;WGAN_GP;energy_data;Press_mm_hg;naive;pred_score;0.2943856373429298;0.193742851438212;columns_random
310;Diffusion;energy_data;RH_1;ts;disc_score;0.4718409493565559;0.0270133017064956;NaN
311;TimeGAN;energy_data;RH_1;ts;disc_score;0.5621286243200302;0.0496803546517055;NaN
312;WGAN_GP;energy_data;RH_1;gasf;disc_score;0.6848747849464416;0.00457310079361;columns_random
313;WGAN_GP;energy_data;RH_1;xirp;disc_score;0.6797946214675903;0.0110333104544145;columns_random
314;WGAN_GP;energy_data;RH_1;naive;disc_score;0.513754466176033;0.0137851135888103;columns_random
315;Diffusion;energy_data;RH_1;ts;pred_score;0.2792380541563034;0.0052696394645915;NaN
316;TimeGAN;energy_data;RH_1;ts;pred_score;0.243579189479351;0.0102053474755117;NaN
317;WGAN_GP;energy_data;RH_1;gasf;pred_score;0.0913029178977012;0.0021638521324225;columns_random
318;WGAN_GP;energy_data;RH_1;xirp;pred_score;0.0913029260933399;0.0021638616374818;columns_random
319;WGAN_GP;energy_data;RH_1;naive;pred_score;0.2476092532277107;0.0115799564014107;columns_random
320;Diffusion;energy_data;RH_2;ts;disc_score;0.416949351131916;0.0301093548078181;NaN
321;TimeGAN;energy_data;RH_2;ts;disc_score;0.5225665658712387;0.0476181261574183;NaN
322;WGAN_GP;energy_data;RH_2;gasf;disc_score;0.2752543851733208;0.0558324179817819;columns_random
323;WGAN_GP;energy_data;RH_2;xirp;disc_score;0.3011328622698784;0.0500325045658229;columns_random
324;WGAN_GP;energy_data;RH_2;naive;disc_score;0.5952462196350098;0.0415301286011848;columns_random
325;Diffusion;energy_data;RH_2;ts;pred_score;0.1990659654140472;0.1010835747267157;NaN
326;TimeGAN;energy_data;RH_2;ts;pred_score;0.1748078197240829;0.1157965703158109;NaN
327;WGAN_GP;energy_data;RH_2;gasf;pred_score;0.0672459967434406;0.0036239561662398;columns_random
328;WGAN_GP;energy_data;RH_2;xirp;pred_score;0.0721378382919236;0.0036239556782673;columns_random
329;WGAN_GP;energy_data;RH_2;naive;pred_score;0.1743448529392481;0.1166880502809489;columns_random
330;Diffusion;energy_data;RH_3;ts;disc_score;0.5016750141978263;0.0282054755473614;NaN
331;TimeGAN;energy_data;RH_3;ts;disc_score;0.5072116464376449;0.0333505053086778;NaN
332;WGAN_GP;energy_data;RH_3;gasf;disc_score;0.3681222081184387;0.1161562652333285;columns_random
333;WGAN_GP;energy_data;RH_3;xirp;disc_score;0.2798825576901436;0.1375110364023846;columns_random
334;WGAN_GP;energy_data;RH_3;naive;disc_score;0.6194374084472656;0.022595716013426;columns_random
335;Diffusion;energy_data;RH_3;ts;pred_score;0.220207455009222;0.021511693311386;NaN
336;TimeGAN;energy_data;RH_3;ts;pred_score;0.1316089428961277;0.0506918706330257;NaN
337;WGAN_GP;energy_data;RH_3;gasf;pred_score;0.098695658147335;0.0052902112166193;columns_random
338;WGAN_GP;energy_data;RH_3;xirp;pred_score;0.0986956648528575;0.0052902237955769;columns_random
339;WGAN_GP;energy_data;RH_3;naive;pred_score;0.1548083372414112;0.0842824987181501;columns_random
340;Diffusion;energy_data;RH_4;ts;disc_score;0.529195100069046;0.0223502736485995;NaN
341;TimeGAN;energy_data;RH_4;ts;disc_score;0.6233496785163879;0.0314996222285656;NaN
342;WGAN_GP;energy_data;RH_4;gasf;disc_score;0.688746589422226;0.0075913120102906;columns_random
343;WGAN_GP;energy_data;RH_4;xirp;disc_score;0.6899947881698608;0.007863100190557;columns_random
344;WGAN_GP;energy_data;RH_4;naive;disc_score;0.5232406884431839;0.0231483661845978;columns_random
345;Diffusion;energy_data;RH_4;ts;pred_score;0.3812155857682228;0.046919771123793;NaN
346;TimeGAN;energy_data;RH_4;ts;pred_score;0.2319658905267715;0.0430934272144988;NaN
347;WGAN_GP;energy_data;RH_4;gasf;pred_score;0.0822560779750347;0.0094762886637133;columns_random
348;WGAN_GP;energy_data;RH_4;xirp;pred_score;0.0822560615837574;0.0094762765677019;columns_random
349;WGAN_GP;energy_data;RH_4;naive;pred_score;0.2371901884675026;0.0389188551038867;columns_random
350;Diffusion;energy_data;RH_5;ts;disc_score;0.4795160993933677;0.0233085418171573;NaN
351;TimeGAN;energy_data;RH_5;ts;disc_score;0.49962466597897975;0.04428361722374652;NaN
352;WGAN_GP;energy_data;RH_5;gasf;disc_score;0.3635553181171417;0.0554969720375273;columns_random
353;WGAN_GP;energy_data;RH_5;xirp;disc_score;0.3438104525208473;0.07236155118599;columns_random
354;WGAN_GP;energy_data;RH_5;naive;disc_score;0.6541504800319672;0.016749832664537;columns_random
355;Diffusion;energy_data;RH_5;ts;pred_score;0.4534163311123848;0.0079511780504174;NaN
356;TimeGAN;energy_data;RH_5;ts;pred_score;0.31496859024663876;0.01014815599309798;NaN
357;WGAN_GP;energy_data;RH_5;gasf;pred_score;0.0764515981078148;0.0093454706455138;columns_random
358;WGAN_GP;energy_data;RH_5;xirp;pred_score;0.076451601833105;0.0093454775892681;columns_random
359;WGAN_GP;energy_data;RH_5;naive;pred_score;0.5220660090446472;0.0111945911868489;columns_random
360;Diffusion;energy_data;RH_6;ts;disc_score;0.3338643357157707;0.03168543209586;NaN
361;TimeGAN;energy_data;RH_6;ts;disc_score;0.5278712454167104;0.042881626035377166;NaN
362;WGAN_GP;energy_data;RH_6;gasf;disc_score;0.4744391202926635;0.0593301081976368;columns_random
363;WGAN_GP;energy_data;RH_6;xirp;disc_score;0.4174007534980773;0.0499635033421257;columns_random
364;WGAN_GP;energy_data;RH_6;naive;disc_score;0.6789445042610168;0.0124976045457174;columns_random
365;Diffusion;energy_data;RH_6;ts;pred_score;0.1528876714408397;0.181402852435805;NaN
366;TimeGAN;energy_data;RH_6;ts;pred_score;0.1442964230928147;0.11323066505125723;NaN
367;WGAN_GP;energy_data;RH_6;gasf;pred_score;0.0868070386350154;0.0044479438852934;columns_random
368;WGAN_GP;energy_data;RH_6;xirp;pred_score;0.0868070311844348;0.0044479426941609;columns_random
369;WGAN_GP;energy_data;RH_6;naive;pred_score;0.2062562391161918;0.2355872058255097;columns_random
370;Diffusion;energy_data;RH_7;ts;disc_score;0.4997249737381935;0.0240623692915297;NaN
371;TimeGAN;energy_data;RH_7;ts;disc_score;0.6615281259953834;0.05950893423338183;NaN
372;WGAN_GP;energy_data;RH_7;gasf;disc_score;0.6377503991127014;0.0804200500811408;columns_random
373;WGAN_GP;energy_data;RH_7;xirp;disc_score;0.6368305444717407;0.1034123674898872;columns_random
374;WGAN_GP;energy_data;RH_7;naive;disc_score;0.6501881122589112;0.0175283724458236;columns_random
375;Diffusion;energy_data;RH_7;ts;pred_score;0.327633672952652;0.1002427031655447;NaN
376;TimeGAN;energy_data;RH_7;ts;pred_score;0.1733054284296936;0.06359864706643832;NaN
377;WGAN_GP;energy_data;RH_7;gasf;pred_score;0.0751943923532962;0.0103969408405723;columns_random
378;WGAN_GP;energy_data;RH_7;xirp;pred_score;0.0768863573670387;0.010960987448721;columns_random
379;WGAN_GP;energy_data;RH_7;naive;pred_score;0.1919659301638603;0.108258607525699;columns_random
380;Diffusion;energy_data;RH_8;ts;disc_score;0.4942990213632584;0.0235564371462037;NaN
381;TimeGAN;energy_data;RH_8;ts;disc_score;0.42787658324291167;0.05019558172718711;NaN
382;WGAN_GP;energy_data;RH_8;gasf;disc_score;0.1925091736018657;0.0750108424646728;columns_random
383;WGAN_GP;energy_data;RH_8;xirp;disc_score;0.2279187560081482;0.0736389676907733;columns_random
384;WGAN_GP;energy_data;RH_8;naive;disc_score;0.6397987544536591;0.0159728567075785;columns_random
385;Diffusion;energy_data;RH_8;ts;pred_score;0.2293240264058113;0.0811712039883074;NaN
386;TimeGAN;energy_data;RH_8;ts;pred_score;0.16266334345593694;0.05381184779275552;NaN
387;WGAN_GP;energy_data;RH_8;gasf;pred_score;0.0757493812590837;0.0142895990266706;columns_random
388;WGAN_GP;energy_data;RH_8;xirp;pred_score;0.0797154943190629;0.0142895990266706;columns_random
389;WGAN_GP;energy_data;RH_8;naive;pred_score;0.2100998893380165;0.099154943502837;columns_random
390;Diffusion;energy_data;RH_9;ts;disc_score;0.506361547112465;0.0187690937504747;NaN
391;TimeGAN;energy_data;RH_9;ts;disc_score;0.5354872163017868;0.05237816314299952;NaN
392;WGAN_GP;energy_data;RH_9;gasf;disc_score;0.3939612925052643;0.0695245978311957;columns_random
393;WGAN_GP;energy_data;RH_9;xirp;disc_score;0.4305281639099121;0.0891657084857931;columns_random
394;WGAN_GP;energy_data;RH_9;naive;disc_score;0.6393774151802063;0.0191405318111678;columns_random
395;Diffusion;energy_data;RH_9;ts;pred_score;0.3226395785808563;0.0852888127939859;NaN
396;TimeGAN;energy_data;RH_9;ts;pred_score;0.20751483321764905;0.05051226071969482;NaN
397;WGAN_GP;energy_data;RH_9;gasf;pred_score;0.0846077248454093;0.0102572214774497;columns_random
398;WGAN_GP;energy_data;RH_9;xirp;pred_score;0.0846077285706996;0.0102572438548869;columns_random
399;WGAN_GP;energy_data;RH_9;naive;pred_score;0.2557014063000679;0.0927114160859358;columns_random
400;Diffusion;energy_data;RH_out;ts;disc_score;0.6061335801071375;0.05958092616675594;NaN
401;TimeGAN;energy_data;RH_out;ts;disc_score;0.5650990553035681;0.06633455274657249;NaN
402;WGAN_GP;energy_data;RH_out;gasf;disc_score;0.4831596940755844;0.0790544880460152;columns_random
403;WGAN_GP;energy_data;RH_out;xirp;disc_score;0.4809033036231994;0.0779009700931015;columns_random
404;WGAN_GP;energy_data;RH_out;naive;disc_score;0.6187758624553681;0.0188649005049353;columns_random
405;Diffusion;energy_data;RH_out;ts;pred_score;0.2412909310311079;0.205293027373398;NaN
406;TimeGAN;energy_data;RH_out;ts;pred_score;0.19312827672100996;0.10477287864760305;NaN
407;WGAN_GP;energy_data;RH_out;gasf;pred_score;0.1038326308131218;0.0146941472849267;columns_random
408;WGAN_GP;energy_data;RH_out;xirp;pred_score;0.1038326382637024;0.0146941433292474;columns_random
409;WGAN_GP;energy_data;RH_out;naive;pred_score;0.2496592797338962;0.1800344591992201;columns_random
410;Diffusion;energy_data;T1;ts;disc_score;0.5392153561115265;0.0218865827813971;NaN
411;TimeGAN;energy_data;T1;ts;disc_score;0.6746483743190765;0.0187226217772256;NaN
412;WGAN_GP;energy_data;T1;gasf;disc_score;0.597740751504898;0.0423182230105309;columns_random
413;WGAN_GP;energy_data;T1;xirp;disc_score;0.5772756189107895;0.054208221973666;columns_random
414;WGAN_GP;energy_data;T1;naive;disc_score;0.6078697681427002;0.0137884807238905;columns_random
415;Diffusion;energy_data;T1;ts;pred_score;0.3545048952102661;0.062786813095597;NaN
416;TimeGAN;energy_data;T1;ts;pred_score;0.3227300375699997;0.0822841969617141;NaN
417;WGAN_GP;energy_data;T1;gasf;pred_score;0.0775071084499359;0.0052175839545425;columns_random
418;WGAN_GP;energy_data;T1;xirp;pred_score;0.0775071188807487;0.0052175897829623;columns_random
419;WGAN_GP;energy_data;T1;naive;pred_score;0.3418203294277191;0.0870612733344458;columns_random
420;Diffusion;energy_data;T2;ts;disc_score;0.5061321258544922;0.0187216894107902;NaN
421;TimeGAN;energy_data;T2;ts;disc_score;0.6538024544715881;0.0175759081857659;NaN
422;WGAN_GP;energy_data;T2;gasf;disc_score;0.3503480851650238;0.0687541225766433;columns_random
423;WGAN_GP;energy_data;T2;xirp;disc_score;0.3430252641439438;0.0657223824300512;columns_random
424;WGAN_GP;energy_data;T2;naive;disc_score;0.6117125689983368;0.0237550336730459;columns_random
425;Diffusion;energy_data;T2;ts;pred_score;0.3691208586096763;0.0638424743425134;NaN
426;TimeGAN;energy_data;T2;ts;pred_score;0.3081196993589401;0.0509026316644433;NaN
427;WGAN_GP;energy_data;T2;gasf;pred_score;0.1324492998421192;0.0060245653533889;columns_random
428;WGAN_GP;energy_data;T2;xirp;pred_score;0.12412116883522585;0.0060245653533889;columns_random
429;WGAN_GP;energy_data;T2;naive;pred_score;0.3531460136175156;0.0873487102035329;columns_random
430;Diffusion;energy_data;T3;ts;disc_score;0.5208254143595695;0.023279192855192;NaN
431;TimeGAN;energy_data;T3;ts;disc_score;0.6091420114040375;0.0128116370459988;NaN
432;WGAN_GP;energy_data;T3;gasf;disc_score;0.1759438246488571;0.0386464162456404;columns_random
433;WGAN_GP;energy_data;T3;xirp;disc_score;0.167361482232809;0.0318481582544692;columns_random
434;WGAN_GP;energy_data;T3;naive;disc_score;0.6337788343429566;0.0223272144364672;columns_random
435;Diffusion;energy_data;T3;ts;pred_score;0.29554563164711;0.0500122433028323;NaN
436;TimeGAN;energy_data;T3;ts;pred_score;0.3706687361001968;0.0379498100791815;NaN
437;WGAN_GP;energy_data;T3;gasf;pred_score;0.1167528003454208;0.0159249117665347;columns_random
438;WGAN_GP;energy_data;T3;xirp;pred_score;0.1167527921497821;0.0159249173528981;columns_random
439;WGAN_GP;energy_data;T3;naive;pred_score;0.3620242804288864;0.036234736923106;columns_random
440;Diffusion;energy_data;T4;ts;disc_score;0.5102988034486771;0.0108213548192626;NaN
441;TimeGAN;energy_data;T4;ts;disc_score;0.6246695578098297;0.0122463029056475;NaN
442;WGAN_GP;energy_data;T4;gasf;disc_score;0.5163613796234131;0.0475557332858988;columns_random
443;WGAN_GP;energy_data;T4;xirp;disc_score;0.5222997635602951;0.0638030108449965;columns_random
444;WGAN_GP;energy_data;T4;naive;disc_score;0.6204513430595398;0.0160627016921431;columns_random
445;Diffusion;energy_data;T4;ts;pred_score;0.278371499478817;0.0516202576499246;NaN
446;TimeGAN;energy_data;T4;ts;pred_score;0.3578821986913681;0.0433211618826448;NaN
447;WGAN_GP;energy_data;T4;gasf;pred_score;0.0961943045258522;0.0108044470261617;columns_random
448;WGAN_GP;energy_data;T4;xirp;pred_score;0.0961943060159683;0.010804432827219;columns_random
449;WGAN_GP;energy_data;T4;naive;pred_score;0.3721073120832443;0.0424884011510173;columns_random
450;Diffusion;energy_data;T5;ts;disc_score;0.4954105332493782;0.0213297242400348;NaN
451;TimeGAN;energy_data;T5;ts;disc_score;0.61788250207901;0.0148135396434625;NaN
452;WGAN_GP;energy_data;T5;gasf;disc_score;0.3421244263648987;0.0801782879047546;columns_random
453;WGAN_GP;energy_data;T5;xirp;disc_score;0.3407310575246811;0.0529717672089184;columns_random
454;WGAN_GP;energy_data;T5;naive;disc_score;0.6443506896495819;0.0373844917551625;columns_random
455;Diffusion;energy_data;T5;ts;pred_score;0.3987943202257156;0.0159519708543056;NaN
456;TimeGAN;energy_data;T5;ts;pred_score;0.5023131161928177;0.0124126118105194;NaN
457;WGAN_GP;energy_data;T5;gasf;pred_score;0.0968976803123951;0.0129876508804705;columns_random
458;WGAN_GP;energy_data;T5;xirp;pred_score;0.0968976728618145;0.0129876503525623;columns_random
459;WGAN_GP;energy_data;T5;naive;pred_score;0.5080590695142746;0.0158491532736928;columns_random
460;Diffusion;energy_data;T6;ts;disc_score;0.5280770793557167;0.0189720940126198;NaN
461;TimeGAN;energy_data;T6;ts;disc_score;0.6001437624292953;0.042302649226805114;NaN
462;WGAN_GP;energy_data;T6;gasf;disc_score;0.6702445268630981;0.0180460316065267;columns_random
463;WGAN_GP;energy_data;T6;xirp;disc_score;0.6746688544750213;0.0194840736947224;columns_random
464;WGAN_GP;energy_data;T6;naive;disc_score;0.4663199096918106;0.0993494343794259;columns_random
465;Diffusion;energy_data;T6;ts;pred_score;0.2905451282858848;0.0567807154835078;NaN
466;TimeGAN;energy_data;T6;ts;pred_score;0.1869485976649255;0.035698768719892054;NaN
467;WGAN_GP;energy_data;T6;gasf;pred_score;0.0682433377951383;0.0046307222985184;columns_random
468;WGAN_GP;energy_data;T6;xirp;pred_score;0.0663747675716877;0.0050426244814102;columns_random
469;WGAN_GP;energy_data;T6;naive;pred_score;0.2726572766900063;0.0743076942727087;columns_random
470;Diffusion;energy_data;T7;ts;disc_score;0.485009403526783;0.0184345284138851;NaN
471;TimeGAN;energy_data;T7;ts;disc_score;0.4075693770022437;0.04262793135023273;NaN
472;WGAN_GP;energy_data;T7;gasf;disc_score;0.2309302240610122;0.0569259587332358;columns_random
473;WGAN_GP;energy_data;T7;xirp;disc_score;0.2046628654003143;0.064544826403661;columns_random
474;WGAN_GP;energy_data;T7;naive;disc_score;0.6031308948993683;0.0243897865511753;columns_random
475;Diffusion;energy_data;T7;ts;pred_score;0.4238369271159172;0.0277729623537295;NaN
476;TimeGAN;energy_data;T7;ts;pred_score;0.2732047346670664;0.021165424089716493;NaN
477;WGAN_GP;energy_data;T7;gasf;pred_score;0.0797988288104534;0.0110949144756448;columns_random
478;WGAN_GP;energy_data;T7;xirp;pred_score;0.0797988198697567;0.0110949087036528;columns_random
479;WGAN_GP;energy_data;T7;naive;pred_score;0.4507945239543914;0.0264962540866586;columns_random
480;Diffusion;energy_data;T8;ts;disc_score;0.5580950230360031;0.0230378118521457;NaN
481;TimeGAN;energy_data;T8;ts;disc_score;0.4978098907350941;0.0673231313289075;NaN
482;WGAN_GP;energy_data;T8;gasf;disc_score;0.3863091439008713;0.0870795068265337;columns_random
483;WGAN_GP;energy_data;T8;xirp;disc_score;0.4223858028650283;0.1020372320792178;columns_random
484;WGAN_GP;energy_data;T8;naive;disc_score;0.5829517185688019;0.0287119463052666;columns_random
485;Diffusion;energy_data;T8;ts;pred_score;0.2466852352023124;0.0330618793447749;NaN
486;TimeGAN;energy_data;T8;ts;pred_score;0.20818048633091435;0.022449773280654756;NaN
487;WGAN_GP;energy_data;T8;gasf;pred_score;0.0749908074736595;0.0028317094132647;columns_random
488;WGAN_GP;energy_data;T8;xirp;pred_score;0.0749908111989498;0.0028317063617286;columns_random
489;WGAN_GP;energy_data;T8;naive;pred_score;0.418819659948349;0.0423335607796018;columns_random
490;Diffusion;energy_data;T9;ts;disc_score;0.5805921614170074;0.0162680759963235;NaN
491;TimeGAN;energy_data;T9;ts;disc_score;0.7132860368764364;0.020051201073134517;NaN
492;WGAN_GP;energy_data;T9;gasf;disc_score;0.6714825928211212;0.0236956447541578;columns_random
493;WGAN_GP;energy_data;T9;xirp;disc_score;0.6878767013549805;0.0116460986950443;columns_random
494;WGAN_GP;energy_data;T9;naive;disc_score;0.5565651774406433;0.0237595222935088;columns_random
495;Diffusion;energy_data;T9;ts;pred_score;0.246174931526184;0.0353440915172675;NaN
496;TimeGAN;energy_data;T9;ts;pred_score;0.2077486397735092;0.025104434967208576;NaN
497;WGAN_GP;energy_data;T9;gasf;pred_score;0.0636102061718702;0.0032235240624995;columns_random
498;WGAN_GP;energy_data;T9;xirp;pred_score;0.0632157307118177;0.0033916323560532;columns_random
499;WGAN_GP;energy_data;T9;naive;pred_score;0.398593670129776;0.0490882845906161;columns_random
500;Diffusion;energy_data;T_out;ts;disc_score;0.5700891882181167;0.0167547707985804;NaN
501;TimeGAN;energy_data;T_out;ts;disc_score;0.41639962269638053;0.04325470772463018;NaN
502;WGAN_GP;energy_data;T_out;gasf;disc_score;0.1232390236109495;0.0568352537227548;columns_random
503;WGAN_GP;energy_data;T_out;xirp;disc_score;0.1508466091006994;0.0767416340962402;columns_random
504;WGAN_GP;energy_data;T_out;naive;disc_score;0.665916645526886;0.0089126995122686;columns_random
505;Diffusion;energy_data;T_out;ts;pred_score;0.2976518452167511;0.0294613667995694;NaN
506;TimeGAN;energy_data;T_out;ts;pred_score;0.16777190829065405;0.047500653877910415;NaN
507;WGAN_GP;energy_data;T_out;gasf;pred_score;0.0613450232893228;0.0064504063026023;columns_random
508;WGAN_GP;energy_data;T_out;xirp;pred_score;0.0613450247794389;0.0064504071421467;columns_random
509;WGAN_GP;energy_data;T_out;naive;pred_score;0.2432973563671112;0.1246844355141052;columns_random
510;Diffusion;energy_data;Tdewpoint;ts;disc_score;0.6657196821897402;0.037191930894227856;NaN
511;TimeGAN;energy_data;Tdewpoint;ts;disc_score;0.6710245458433479;0.033345609886632134;NaN
512;WGAN_GP;energy_data;Tdewpoint;gasf;disc_score;0.5686404764652252;0.0374377826356301;columns_random
513;WGAN_GP;energy_data;Tdewpoint;xirp;disc_score;0.56061392724514;0.0465802136596125;columns_random
514;WGAN_GP;energy_data;Tdewpoint;naive;disc_score;0.6214218735694885;0.0130980771705785;columns_random
515;Diffusion;energy_data;Tdewpoint;ts;pred_score;0.15217636507902407;0.05927363623915018;NaN
516;TimeGAN;energy_data;Tdewpoint;ts;pred_score;0.15592627582705418;0.05601841622675933;NaN
517;WGAN_GP;energy_data;Tdewpoint;gasf;pred_score;0.0926849238574504;0.0118585830498864;columns_random
518;WGAN_GP;energy_data;Tdewpoint;xirp;pred_score;0.0926849134266376;0.0118585912471966;columns_random
519;WGAN_GP;energy_data;Tdewpoint;naive;pred_score;0.2330052703619003;0.1355806955771789;columns_random
520;Diffusion;energy_data;Visibility;ts;disc_score;0.3772964090108871;0.0260020911653019;NaN
521;TimeGAN;energy_data;Visibility;ts;disc_score;0.5622195911882647;0.09748850639169916;NaN
522;WGAN_GP;energy_data;Visibility;gasf;disc_score;0.5946145325899124;0.147033471843412;columns_random
523;WGAN_GP;energy_data;Visibility;xirp;disc_score;0.5396893888711929;0.1287010817003858;columns_random
524;WGAN_GP;energy_data;Visibility;naive;disc_score;0.5800244271755218;0.0790474672578845;columns_random
525;Diffusion;energy_data;Visibility;ts;pred_score;0.2690173417329788;0.1217965465730127;NaN
526;TimeGAN;energy_data;Visibility;ts;pred_score;0.19161280330296462;0.039233542775647924;NaN
527;WGAN_GP;energy_data;Visibility;gasf;pred_score;0.0883900560438633;0.0067064564412067;columns_random
528;WGAN_GP;energy_data;Visibility;xirp;pred_score;0.0875988699495792;0.0057303402973245;columns_random
529;WGAN_GP;energy_data;Visibility;naive;pred_score;0.2734313547611237;0.0186856761735784;columns_random
530;Diffusion;energy_data;Windspeed;ts;disc_score;0.560781866312027;0.0334859715012412;NaN
531;TimeGAN;energy_data;Windspeed;ts;disc_score;0.32768883359303463;0.022449748694965996;NaN
532;WGAN_GP;energy_data;Windspeed;gasf;disc_score;0.0145842459518462;0.0122419923176599;columns_random
533;WGAN_GP;energy_data;Windspeed;xirp;disc_score;0.0123866328271105;0.015803394994893;columns_random
534;WGAN_GP;energy_data;Windspeed;naive;disc_score;0.5721803903579712;0.0203800394713515;columns_random
535;Diffusion;energy_data;Windspeed;ts;pred_score;0.4072454571723938;0.0209689016975023;NaN
536;TimeGAN;energy_data;Windspeed;ts;pred_score;0.26432373432754563;0.021113656339262744;NaN
537;WGAN_GP;energy_data;Windspeed;gasf;pred_score;0.0913521438837051;0.0074720098108991;columns_random
538;WGAN_GP;energy_data;Windspeed;xirp;pred_score;0.091352155059576;0.007472015675167;columns_random
539;WGAN_GP;energy_data;Windspeed;naive;pred_score;0.3566417157649993;0.0401265384881726;columns_random
540;Diffusion;energy_data;lights;ts;disc_score;0.0301063083112239;0.0101616624080443;NaN
541;TimeGAN;energy_data;lights;ts;disc_score;0.51301589012146;0.0362919051156569;NaN
542;WGAN_GP;energy_data;lights;gasf;disc_score;0.44423562296093455;0.021190703074393653;columns_random
543;WGAN_GP;energy_data;lights;xirp;disc_score;0.4269765717797469;0.020684823104378174;columns_random
544;WGAN_GP;energy_data;lights;naive;disc_score;0.6496095538139344;0.0110074508643264;columns_random
545;Diffusion;energy_data;lights;ts;pred_score;0.8536732375621796;0.0001383190542914;NaN
546;TimeGAN;energy_data;lights;ts;pred_score;0.8308300852775574;0.0013218630365484;NaN
547;WGAN_GP;energy_data;lights;gasf;pred_score;0.9058489254828247;0.0009714498974229624;columns_random
548;WGAN_GP;energy_data;lights;xirp;pred_score;0.9414643067533841;0.0009582778543859923;columns_random
549;WGAN_GP;energy_data;lights;naive;pred_score;0.8299986541271209;0.0011765299282912;columns_random
550;Diffusion;energy_data;rv1;ts;disc_score;0.542922786565226;0.024184685763601537;NaN
551;TimeGAN;energy_data;rv1;ts;disc_score;0.5302267538502531;0.02419965060006725;NaN
552;WGAN_GP;energy_data;rv1;gasf;disc_score;0.5796098470687866;0.030567993818423;columns_random
553;WGAN_GP;energy_data;rv1;xirp;disc_score;0.5803190708160401;0.0221925251193754;columns_random
554;WGAN_GP;energy_data;rv1;naive;disc_score;0.3926826328039169;0.0183954907701572;columns_random
555;Diffusion;energy_data;rv1;ts;pred_score;0.30775764877969003;0.014951507984683142;NaN
556;TimeGAN;energy_data;rv1;ts;pred_score;0.2852538801268599;0.014992297920290243;NaN
557;WGAN_GP;energy_data;rv1;gasf;pred_score;0.1229259982705116;0.0033493402498596;columns_random
558;WGAN_GP;energy_data;rv1;xirp;pred_score;0.1229259736835956;0.0033493379751267;columns_random
559;WGAN_GP;energy_data;rv1;naive;pred_score;0.5910738497972489;0.032970007896059;columns_random
560;Diffusion;energy_data;rv2;ts;disc_score;0.6035422159445806;0.021204130512456527;NaN
561;TimeGAN;energy_data;rv2;ts;disc_score;0.5770948579809904;0.022070694869278693;NaN
562;WGAN_GP;energy_data;rv2;gasf;disc_score;0.6179014921188355;0.0227866607639903;columns_random
563;WGAN_GP;energy_data;rv2;xirp;disc_score;0.60036501288414;0.0159334892784921;columns_random
564;WGAN_GP;energy_data;rv2;naive;disc_score;0.3870002329349518;0.0213774307924607;columns_random
565;Diffusion;energy_data;rv2;ts;pred_score;0.3276390603474532;0.004806708163664594;NaN
566;TimeGAN;energy_data;rv2;ts;pred_score;0.31832995786748064;0.004862409284958524;NaN
567;WGAN_GP;energy_data;rv2;gasf;pred_score;0.1241798557341098;0.0037240945486455;columns_random
568;WGAN_GP;energy_data;rv2;xirp;pred_score;0.1241798654198646;0.0037241013889922;columns_random
569;WGAN_GP;energy_data;rv2;naive;pred_score;0.6288422465324401;0.0061381871081495;columns_random
570;Diffusion;merton_process;lamJ_0.8_sigJ_0.1;ts;disc_score;0.00516644231393;0.0058266417822438;NaN
571;TimeGAN;merton_process;lamJ_0.8_sigJ_0.1;ts;disc_score;0.5064357250928879;0.0212056822179442;NaN
572;WGAN_GP;merton_process;lamJ_0.8_sigJ_0.1;gasf;disc_score;0.2988328726146793;0.018902146456043788;columns_random
573;WGAN_GP;merton_process;lamJ_0.8_sigJ_0.1;xirp;disc_score;0.3180960170419018;0.01997712523443781;columns_random
574;WGAN_GP;merton_process;lamJ_0.8_sigJ_0.1;naive;disc_score;0.3736608952283859;0.0290071659422313;columns_random
575;Diffusion;merton_process;lamJ_0.8_sigJ_0.1;ts;pred_score;0.3319783434271812;0.036101298947422;NaN
576;TimeGAN;merton_process;lamJ_0.8_sigJ_0.1;ts;pred_score;0.2745025724172592;0.0024885971375023;NaN
577;WGAN_GP;merton_process;lamJ_0.8_sigJ_0.1;gasf;pred_score;0.30963550414584123;0.020405814277770783;columns_random
578;WGAN_GP;merton_process;lamJ_0.8_sigJ_0.1;xirp;pred_score;0.31353076049250184;0.020390419376172635;columns_random
579;WGAN_GP;merton_process;lamJ_0.8_sigJ_0.1;naive;pred_score;0.2845679283142089;0.0170646674722066;columns_random
580;Diffusion;merton_process;lamJ_0.9_sigJ_0.2;ts;disc_score;0.0034444922232069;0.0009860408544844;NaN
581;TimeGAN;merton_process;lamJ_0.9_sigJ_0.2;ts;disc_score;0.4316668510437011;0.0135838929794818;NaN
582;WGAN_GP;merton_process;lamJ_0.9_sigJ_0.2;gasf;disc_score;0.5688720703125;0.0428590725100638;columns_random
583;WGAN_GP;merton_process;lamJ_0.9_sigJ_0.2;xirp;disc_score;0.5696796894073486;0.0511442331845961;columns_random
584;WGAN_GP;merton_process;lamJ_0.9_sigJ_0.2;naive;disc_score;0.5169870227575302;0.0172698212596467;columns_random
585;Diffusion;merton_process;lamJ_0.9_sigJ_0.2;ts;pred_score;0.3466506257653236;0.012186335761101;NaN
586;TimeGAN;merton_process;lamJ_0.9_sigJ_0.2;ts;pred_score;0.3374155342578888;0.0004392206668853;NaN
587;WGAN_GP;merton_process;lamJ_0.9_sigJ_0.2;gasf;pred_score;0.1061303406953811;0.0045189074121372;columns_random
588;WGAN_GP;merton_process;lamJ_0.9_sigJ_0.2;xirp;pred_score;0.1061303332448005;0.0045189072067872;columns_random
589;WGAN_GP;merton_process;lamJ_0.9_sigJ_0.2;naive;pred_score;0.3569716960191726;0.030217873474287;columns_random
590;Diffusion;merton_process;lamJ_1.0_sigJ_0.3;ts;disc_score;0.0412598500028252;0.0070026398151333;NaN
591;TimeGAN;merton_process;lamJ_1.0_sigJ_0.3;ts;disc_score;0.6516882956027985;0.0175356833326588;NaN
592;WGAN_GP;merton_process;lamJ_1.0_sigJ_0.3;gasf;disc_score;0.5526846438646317;0.0715257456416309;columns_random
593;WGAN_GP;merton_process;lamJ_1.0_sigJ_0.3;xirp;disc_score;0.5488322168588639;0.0532878629570047;columns_random
594;WGAN_GP;merton_process;lamJ_1.0_sigJ_0.3;naive;disc_score;0.4989712327718735;0.0275247405971839;columns_random
595;Diffusion;merton_process;lamJ_1.0_sigJ_0.3;ts;pred_score;0.3317607283592224;0.017137095326634;NaN
596;TimeGAN;merton_process;lamJ_1.0_sigJ_0.3;ts;pred_score;0.3276157259941101;2.594418405537591e-06;NaN
597;WGAN_GP;merton_process;lamJ_1.0_sigJ_0.3;gasf;pred_score;0.0998570241034031;0.0080980971761219;columns_random
598;WGAN_GP;merton_process;lamJ_1.0_sigJ_0.3;xirp;pred_score;0.0998570337891578;0.00809811000559;columns_random
599;WGAN_GP;merton_process;lamJ_1.0_sigJ_0.3;naive;pred_score;0.3481546729803085;0.0252444448594949;columns_random
600;Diffusion;merton_process;lamJ_1.1_sigJ_0.4;ts;disc_score;0.3798860922455788;0.0311050030024322;NaN
601;TimeGAN;merton_process;lamJ_1.1_sigJ_0.4;ts;disc_score;0.5359747886657715;0.0204400667154825;NaN
602;WGAN_GP;merton_process;lamJ_1.1_sigJ_0.4;gasf;disc_score;0.6728267192840576;0.022939201224709;columns_random
603;WGAN_GP;merton_process;lamJ_1.1_sigJ_0.4;xirp;disc_score;0.6651531040668488;0.0172127216769542;columns_random
604;WGAN_GP;merton_process;lamJ_1.1_sigJ_0.4;naive;disc_score;0.3973197966814041;0.0372630282844033;columns_random
605;Diffusion;merton_process;lamJ_1.1_sigJ_0.4;ts;pred_score;0.2671399369835853;0.0094911781133191;NaN
606;TimeGAN;merton_process;lamJ_1.1_sigJ_0.4;ts;pred_score;0.2643774837255478;0.0073844756659811;NaN
607;WGAN_GP;merton_process;lamJ_1.1_sigJ_0.4;gasf;pred_score;0.1064482323825359;0.0040540360996955;columns_random
608;WGAN_GP;merton_process;lamJ_1.1_sigJ_0.4;xirp;pred_score;0.1064482450485229;0.0040540437243382;columns_random
609;WGAN_GP;merton_process;lamJ_1.1_sigJ_0.4;naive;pred_score;0.2718137741088867;0.0165577466638365;columns_random
610;Diffusion;merton_process;lamJ_1.2_sigJ_0.5;ts;disc_score;0.5195460170507431;0.0278139279439548;NaN
611;TimeGAN;merton_process;lamJ_1.2_sigJ_0.5;ts;disc_score;0.13782529681921;0.0316649437824598;NaN
612;WGAN_GP;merton_process;lamJ_1.2_sigJ_0.5;gasf;disc_score;0.6575149953365326;0.0219386335000089;columns_random
613;WGAN_GP;merton_process;lamJ_1.2_sigJ_0.5;xirp;disc_score;0.6714246511459351;0.0257938879194804;columns_random
614;WGAN_GP;merton_process;lamJ_1.2_sigJ_0.5;naive;disc_score;0.3252787262201309;0.044756599871742;columns_random
615;Diffusion;merton_process;lamJ_1.2_sigJ_0.5;ts;pred_score;0.2457791425287723;5.0891462774654905e-05;NaN
616;TimeGAN;merton_process;lamJ_1.2_sigJ_0.5;ts;pred_score;0.2567540481686592;0.011068526376294;NaN
617;WGAN_GP;merton_process;lamJ_1.2_sigJ_0.5;gasf;pred_score;0.1019562467932701;0.0024860422653785;columns_random
618;WGAN_GP;merton_process;lamJ_1.2_sigJ_0.5;xirp;pred_score;0.1016194522380828;0.0024375956421174;columns_random
619;WGAN_GP;merton_process;lamJ_1.2_sigJ_0.5;naive;pred_score;0.2508406832814217;0.015151757584413;columns_random
620;Diffusion;merton_process;lamJ_1.3_sigJ_0.6;ts;disc_score;0.0017533065707539;0.0030849262694238;NaN
621;TimeGAN;merton_process;lamJ_1.3_sigJ_0.6;ts;disc_score;0.2198076650500297;0.0180525902476301;NaN
622;WGAN_GP;merton_process;lamJ_1.3_sigJ_0.6;gasf;disc_score;0.5924818694591523;0.0579756252596438;columns_random
623;WGAN_GP;merton_process;lamJ_1.3_sigJ_0.6;xirp;disc_score;0.6149697065353393;0.084952138277904;columns_random
624;WGAN_GP;merton_process;lamJ_1.3_sigJ_0.6;naive;disc_score;0.5404818236827851;0.0209461239259359;columns_random
625;Diffusion;merton_process;lamJ_1.3_sigJ_0.6;ts;pred_score;0.4178639397025108;0.0836460061379076;NaN
626;TimeGAN;merton_process;lamJ_1.3_sigJ_0.6;ts;pred_score;0.321613273024559;0.0001938968896865;NaN
627;WGAN_GP;merton_process;lamJ_1.3_sigJ_0.6;gasf;pred_score;0.1192880190908908;0.0038269634900133;columns_random
628;WGAN_GP;merton_process;lamJ_1.3_sigJ_0.6;xirp;pred_score;0.1192880161106586;0.0038269590357964;columns_random
629;WGAN_GP;merton_process;lamJ_1.3_sigJ_0.6;naive;pred_score;0.3213177919387817;0.0346616069587371;columns_random
630;Diffusion;merton_process;lamJ_1.4_sigJ_0.7;ts;disc_score;0.3616633683443069;0.0325056124144146;NaN
631;TimeGAN;merton_process;lamJ_1.4_sigJ_0.7;ts;disc_score;0.186910080909729;0.0213833036098251;NaN
632;WGAN_GP;merton_process;lamJ_1.4_sigJ_0.7;gasf;disc_score;0.0675526680424809;0.0239458683055063;columns_random
633;WGAN_GP;merton_process;lamJ_1.4_sigJ_0.7;xirp;disc_score;0.0746018705889582;0.0301819705211036;columns_random
634;WGAN_GP;merton_process;lamJ_1.4_sigJ_0.7;naive;disc_score;0.4257579386234283;0.0332054651308131;columns_random
635;Diffusion;merton_process;lamJ_1.4_sigJ_0.7;ts;pred_score;0.2157556109130382;0.0021809578007505;NaN
636;TimeGAN;merton_process;lamJ_1.4_sigJ_0.7;ts;pred_score;0.239127254486084;0.0314961440369876;NaN
637;WGAN_GP;merton_process;lamJ_1.4_sigJ_0.7;gasf;pred_score;0.1199111580848693;0.009361905433199;columns_random
638;WGAN_GP;merton_process;lamJ_1.4_sigJ_0.7;xirp;pred_score;0.1199111588299274;0.0093619073410337;columns_random
639;WGAN_GP;merton_process;lamJ_1.4_sigJ_0.7;naive;pred_score;0.2182552605867385;0.0106066066251363;columns_random
640;Diffusion;merton_process;lamJ_1.5_sigJ_0.8;ts;disc_score;0.6440669119358062;0.0225946777766534;NaN
641;TimeGAN;merton_process;lamJ_1.5_sigJ_0.8;ts;disc_score;0.67905193567276;0.016486644565822;NaN
642;WGAN_GP;merton_process;lamJ_1.5_sigJ_0.8;gasf;disc_score;0.6497787535190582;0.0762369954624623;columns_random
643;WGAN_GP;merton_process;lamJ_1.5_sigJ_0.8;xirp;disc_score;0.6656840443611145;0.1368543765969553;columns_random
644;WGAN_GP;merton_process;lamJ_1.5_sigJ_0.8;naive;disc_score;0.3801294207572937;0.0283932981210417;columns_random
645;Diffusion;merton_process;lamJ_1.5_sigJ_0.8;ts;pred_score;0.2208559893071651;0.0050668499627347;NaN
646;TimeGAN;merton_process;lamJ_1.5_sigJ_0.8;ts;pred_score;0.2177713766694068;0.0005932579381735;NaN
647;WGAN_GP;merton_process;lamJ_1.5_sigJ_0.8;gasf;pred_score;0.1123039655387401;0.0023472307851537;columns_random
648;WGAN_GP;merton_process;lamJ_1.5_sigJ_0.8;xirp;pred_score;0.1123039543628692;0.0023472260287006;columns_random
649;WGAN_GP;merton_process;lamJ_1.5_sigJ_0.8;naive;pred_score;0.2284555912017822;0.0166607268144662;columns_random
650;Diffusion;merton_process;lamJ_1.6_sigJ_0.9;ts;disc_score;0.3832618772983551;0.0191653278509241;NaN
651;TimeGAN;merton_process;lamJ_1.6_sigJ_0.9;ts;disc_score;0.6172283232212067;0.0215071830112136;NaN
652;WGAN_GP;merton_process;lamJ_1.6_sigJ_0.9;gasf;disc_score;0.1742932647466659;0.0602535637989633;columns_random
653;WGAN_GP;merton_process;lamJ_1.6_sigJ_0.9;xirp;disc_score;0.1404768861830234;0.0264095585540496;columns_random
654;WGAN_GP;merton_process;lamJ_1.6_sigJ_0.9;naive;disc_score;0.3251791954040527;0.031103907123056;columns_random
655;Diffusion;merton_process;lamJ_1.6_sigJ_0.9;ts;pred_score;0.1945291683077812;7.400968147242957e-06;NaN
656;TimeGAN;merton_process;lamJ_1.6_sigJ_0.9;ts;pred_score;0.1947715371847152;0.0007829954156438;NaN
657;WGAN_GP;merton_process;lamJ_1.6_sigJ_0.9;gasf;pred_score;0.0829133205115795;0.0136049706839194;columns_random
658;WGAN_GP;merton_process;lamJ_1.6_sigJ_0.9;xirp;pred_score;0.0829133242368698;0.0136049742459618;columns_random
659;WGAN_GP;merton_process;lamJ_1.6_sigJ_0.9;naive;pred_score;0.2100451171398162;0.0083341706518508;columns_random
660;Diffusion;merton_process;lamJ_1.7_sigJ_1.0;ts;disc_score;0.5575626879930496;0.0311227560261357;NaN
661;TimeGAN;merton_process;lamJ_1.7_sigJ_1.0;ts;disc_score;0.6584884762763977;0.0111741564149316;NaN
662;WGAN_GP;merton_process;lamJ_1.7_sigJ_1.0;gasf;disc_score;0.1992253169417381;0.0482496477031559;columns_random
663;WGAN_GP;merton_process;lamJ_1.7_sigJ_1.0;xirp;disc_score;0.2048327192664146;0.040096311958131;columns_random
664;WGAN_GP;merton_process;lamJ_1.7_sigJ_1.0;naive;disc_score;0.3738475292921066;0.0222358239549459;columns_random
665;Diffusion;merton_process;lamJ_1.7_sigJ_1.0;ts;pred_score;0.2392556779086589;0.0031377502700458;NaN
666;TimeGAN;merton_process;lamJ_1.7_sigJ_1.0;ts;pred_score;0.259559679031372;0.0055921911197943;NaN
667;WGAN_GP;merton_process;lamJ_1.7_sigJ_1.0;gasf;pred_score;0.0686623722314834;0.0048721276189605;columns_random
668;WGAN_GP;merton_process;lamJ_1.7_sigJ_1.0;xirp;pred_score;0.0686623677611351;0.0048721296275256;columns_random
669;WGAN_GP;merton_process;lamJ_1.7_sigJ_1.0;naive;pred_score;0.288824713230133;0.0281615680404908;columns_random
670;Diffusion;noisy_sine;noise_scale_00;ts;disc_score;0.100406938418746;0.0130921937636763;NaN
671;TimeGAN;noisy_sine;noise_scale_00;ts;disc_score;0.5964418649673462;0.0156549148305502;NaN
672;WGAN_GP;noisy_sine;noise_scale_00;gasf;disc_score;0.42533368325910775;0.01922425715684681;columns_random
673;WGAN_GP;noisy_sine;noise_scale_00;xirp;disc_score;0.45807261759894047;0.017627115289245664;columns_random
674;WGAN_GP;noisy_sine;noise_scale_00;naive;disc_score;0.5554063498973847;0.0227295071666559;columns_random
675;Diffusion;noisy_sine;noise_scale_00;ts;pred_score;0.4312335178256035;0.134232963637709;NaN
676;TimeGAN;noisy_sine;noise_scale_00;ts;pred_score;0.3715176731348037;0.0881924638497613;NaN
677;WGAN_GP;noisy_sine;noise_scale_00;gasf;pred_score;0.46241489521833645;0.12832371654009023;columns_random
678;WGAN_GP;noisy_sine;noise_scale_00;xirp;pred_score;0.42143517235915007;0.12586937749137234;columns_random
679;WGAN_GP;noisy_sine;noise_scale_00;naive;pred_score;0.4264972001314163;0.1370496811844472;columns_random
680;Diffusion;noisy_sine;noise_scale_01;ts;disc_score;0.2438133828341961;0.0317249667332904;NaN
681;TimeGAN;noisy_sine;noise_scale_01;ts;disc_score;0.5844729661941528;0.0330329796735376;NaN
682;WGAN_GP;noisy_sine;noise_scale_01;gasf;disc_score;0.5939900994300842;0.0304870321966638;columns_random
683;WGAN_GP;noisy_sine;noise_scale_01;xirp;disc_score;0.6161233603954315;0.0441268079482699;columns_random
684;WGAN_GP;noisy_sine;noise_scale_01;naive;disc_score;0.5250596582889557;0.0361775195703308;columns_random
685;Diffusion;noisy_sine;noise_scale_01;ts;pred_score;0.3838218063116073;0.1031513706604364;NaN
686;TimeGAN;noisy_sine;noise_scale_01;ts;pred_score;0.3303369849920273;0.0648084793624241;NaN
687;WGAN_GP;noisy_sine;noise_scale_01;gasf;pred_score;0.1101294413208961;0.0127228634412872;columns_random
688;WGAN_GP;noisy_sine;noise_scale_01;xirp;pred_score;0.1101294599473476;0.0127228904913396;columns_random
689;WGAN_GP;noisy_sine;noise_scale_01;naive;pred_score;0.3781384319067001;0.0954621641632403;columns_random
690;Diffusion;noisy_sine;noise_scale_02;ts;disc_score;0.1919383578002453;0.018947706434422;NaN
691;TimeGAN;noisy_sine;noise_scale_02;ts;disc_score;0.355566456913948;0.0199487207193256;NaN
692;WGAN_GP;noisy_sine;noise_scale_02;gasf;disc_score;0.6215973198413849;0.0588361939692602;columns_random
693;WGAN_GP;noisy_sine;noise_scale_02;xirp;disc_score;0.60911425948143;0.0542238830883432;columns_random
694;WGAN_GP;noisy_sine;noise_scale_02;naive;disc_score;0.5601079940795899;0.0213096604116595;columns_random
695;Diffusion;noisy_sine;noise_scale_02;ts;pred_score;0.3546705722808838;0.0714821439781796;NaN
696;TimeGAN;noisy_sine;noise_scale_02;ts;pred_score;0.3984565287828445;0.0182797317701746;NaN
697;WGAN_GP;noisy_sine;noise_scale_02;gasf;pred_score;0.1063416875898838;0.0183823578261075;columns_random
698;WGAN_GP;noisy_sine;noise_scale_02;xirp;pred_score;0.1063416719436645;0.0183823512278859;columns_random
699;WGAN_GP;noisy_sine;noise_scale_02;naive;pred_score;0.3516938865184784;0.059188083852373;columns_random
700;Diffusion;noisy_sine;noise_scale_03;ts;disc_score;0.4335734903812408;0.0277932002329573;NaN
701;TimeGAN;noisy_sine;noise_scale_03;ts;disc_score;0.6046319246292114;0.0186917359924434;NaN
702;WGAN_GP;noisy_sine;noise_scale_03;gasf;disc_score;0.3327449768781662;0.0621925245285405;columns_random
703;WGAN_GP;noisy_sine;noise_scale_03;xirp;disc_score;0.3376155704259872;0.0686030203814211;columns_random
704;WGAN_GP;noisy_sine;noise_scale_03;naive;disc_score;0.6002261757850647;0.027370968690231;columns_random
705;Diffusion;noisy_sine;noise_scale_03;ts;pred_score;0.2786942541599274;0.0384696444202804;NaN
706;TimeGAN;noisy_sine;noise_scale_03;ts;pred_score;0.2732349306344986;0.0322010543543093;NaN
707;WGAN_GP;noisy_sine;noise_scale_03;gasf;pred_score;0.0907502204179763;0.011140291179973;columns_random
708;WGAN_GP;noisy_sine;noise_scale_03;xirp;pred_score;0.0907502070069313;0.0111402800763735;columns_random
709;WGAN_GP;noisy_sine;noise_scale_03;naive;pred_score;0.2859926283359527;0.0336111161512189;columns_random
710;Diffusion;noisy_sine;noise_scale_04;ts;disc_score;0.3996973916888237;0.0333295175541173;NaN
711;TimeGAN;noisy_sine;noise_scale_04;ts;disc_score;0.4967851102352142;0.029060259140572;NaN
712;WGAN_GP;noisy_sine;noise_scale_04;gasf;disc_score;0.1711745016276836;0.0328911692359229;columns_random
713;WGAN_GP;noisy_sine;noise_scale_04;xirp;disc_score;0.2040781363844871;0.0860511318164466;columns_random
714;WGAN_GP;noisy_sine;noise_scale_04;naive;disc_score;0.5668730914592743;0.0313907453047825;columns_random
715;Diffusion;noisy_sine;noise_scale_04;ts;pred_score;0.3391401097178459;0.0349391888140228;NaN
716;TimeGAN;noisy_sine;noise_scale_04;ts;pred_score;0.3080655723810196;0.0371639276642251;NaN
717;WGAN_GP;noisy_sine;noise_scale_04;gasf;pred_score;0.0857464037835598;0.003130749985489;columns_random
718;WGAN_GP;noisy_sine;noise_scale_04;xirp;pred_score;0.0857464022934436;0.0031307521208237;columns_random
719;WGAN_GP;noisy_sine;noise_scale_04;naive;pred_score;0.3213368266820907;0.0284006119298623;columns_random
720;Diffusion;noisy_sine;noise_scale_05;ts;disc_score;0.451580961048603;0.0500805064783577;NaN
721;TimeGAN;noisy_sine;noise_scale_05;ts;disc_score;0.2546778321266174;0.02864269837851;NaN
722;WGAN_GP;noisy_sine;noise_scale_05;gasf;disc_score;0.6404895961284638;0.0616604861141293;columns_random
723;WGAN_GP;noisy_sine;noise_scale_05;xirp;disc_score;0.6579736948013306;0.0512930360973983;columns_random
724;WGAN_GP;noisy_sine;noise_scale_05;naive;disc_score;0.5079710185527802;0.0439051885873191;columns_random
725;Diffusion;noisy_sine;noise_scale_05;ts;pred_score;0.3056826904416084;0.026304722809514;NaN
726;TimeGAN;noisy_sine;noise_scale_05;ts;pred_score;0.2971424520015716;0.0251679791369151;NaN
727;WGAN_GP;noisy_sine;noise_scale_05;gasf;pred_score;0.1256851784884929;0.0038518204282635;columns_random
728;WGAN_GP;noisy_sine;noise_scale_05;xirp;pred_score;0.1185913075583599;0.0038518199184666;columns_random
729;WGAN_GP;noisy_sine;noise_scale_05;naive;pred_score;0.2927028357982635;0.0177209449451897;columns_random
730;Diffusion;noisy_sine;noise_scale_06;ts;disc_score;0.4592828378081321;0.0219471737580929;NaN
731;TimeGAN;noisy_sine;noise_scale_06;ts;disc_score;0.458499276638031;0.0211736611525734;NaN
732;WGAN_GP;noisy_sine;noise_scale_06;gasf;disc_score;0.5197302520275116;0.0836867056126591;columns_random
733;WGAN_GP;noisy_sine;noise_scale_06;xirp;disc_score;0.6147527188062668;0.098207283222957;columns_random
734;WGAN_GP;noisy_sine;noise_scale_06;naive;disc_score;0.5038056820631027;0.0219165855149785;columns_random
735;Diffusion;noisy_sine;noise_scale_06;ts;pred_score;0.2487457387149333;0.0137766642385969;NaN
736;TimeGAN;noisy_sine;noise_scale_06;ts;pred_score;0.2637341409921646;0.0088259337348388;NaN
737;WGAN_GP;noisy_sine;noise_scale_06;gasf;pred_score;0.119627284258604;0.0129401504235811;columns_random
738;WGAN_GP;noisy_sine;noise_scale_06;xirp;pred_score;0.1196273073554039;0.0129401667594256;columns_random
739;WGAN_GP;noisy_sine;noise_scale_06;naive;pred_score;0.2759071856737137;0.0042234188348066;columns_random
740;Diffusion;noisy_sine;noise_scale_07;ts;disc_score;0.5315320163965225;0.0264580925191591;NaN
741;TimeGAN;noisy_sine;noise_scale_07;ts;disc_score;0.3057510405778885;0.0299103492237144;NaN
742;WGAN_GP;noisy_sine;noise_scale_07;gasf;disc_score;0.018514947919175;0.0191251681666106;columns_random
743;WGAN_GP;noisy_sine;noise_scale_07;xirp;disc_score;0.0305268047377467;0.0356147885968412;columns_random
744;WGAN_GP;noisy_sine;noise_scale_07;naive;disc_score;0.4935473531484604;0.0310797490858514;columns_random
745;Diffusion;noisy_sine;noise_scale_07;ts;pred_score;0.2542549081146717;0.0204578264065273;NaN
746;TimeGAN;noisy_sine;noise_scale_07;ts;pred_score;0.2742916226387024;0.0122297111276999;NaN
747;WGAN_GP;noisy_sine;noise_scale_07;gasf;pred_score;0.1435338370501995;0.0623310438577714;columns_random
748;WGAN_GP;noisy_sine;noise_scale_07;xirp;pred_score;0.1435338288545608;0.0623310436212773;columns_random
749;WGAN_GP;noisy_sine;noise_scale_07;naive;pred_score;0.290551409125328;0.0052031982288415;columns_random
750;Diffusion;noisy_sine;noise_scale_08;ts;disc_score;0.5005890235304833;0.0287255050427796;NaN
751;TimeGAN;noisy_sine;noise_scale_08;ts;disc_score;0.1600668586790561;0.0369895749643257;NaN
752;WGAN_GP;noisy_sine;noise_scale_08;gasf;disc_score;0.1675518564879894;0.0437532404652605;columns_random
753;WGAN_GP;noisy_sine;noise_scale_08;xirp;disc_score;0.1852413460612297;0.03513349736469;columns_random
754;WGAN_GP;noisy_sine;noise_scale_08;naive;disc_score;0.4980736911296844;0.0245891190613305;columns_random
755;Diffusion;noisy_sine;noise_scale_08;ts;pred_score;0.2833060339093208;0.0150060921368293;NaN
756;TimeGAN;noisy_sine;noise_scale_08;ts;pred_score;0.2865381717681884;0.0061512548589349;NaN
757;WGAN_GP;noisy_sine;noise_scale_08;gasf;pred_score;0.0828720279037952;0.0029046499680149;columns_random
758;WGAN_GP;noisy_sine;noise_scale_08;xirp;pred_score;0.0828720323741436;0.0029046517349044;columns_random
759;WGAN_GP;noisy_sine;noise_scale_08;naive;pred_score;0.3338798731565475;0.0076703380073658;columns_random
760;Diffusion;noisy_sine;noise_scale_09;ts;disc_score;0.4774733826518059;0.0445497894014098;NaN
761;TimeGAN;noisy_sine;noise_scale_09;ts;disc_score;0.3042441993951797;0.0241416309859304;NaN
762;WGAN_GP;noisy_sine;noise_scale_09;gasf;disc_score;0.5539039433002472;0.0304324441532302;columns_random
763;WGAN_GP;noisy_sine;noise_scale_09;xirp;disc_score;0.5505670368671417;0.0198524977490493;columns_random
764;WGAN_GP;noisy_sine;noise_scale_09;naive;disc_score;0.5055386602878571;0.0215019133310481;columns_random
765;Diffusion;noisy_sine;noise_scale_09;ts;pred_score;0.2775404557585716;0.0031560419697121;NaN
766;TimeGAN;noisy_sine;noise_scale_09;ts;pred_score;0.2877900123596191;0.0082273939865217;NaN
767;WGAN_GP;noisy_sine;noise_scale_09;gasf;pred_score;0.0824867941439151;0.0051780512959358;columns_random
768;WGAN_GP;noisy_sine;noise_scale_09;xirp;pred_score;0.0824868015944957;0.0051780553585758;columns_random
769;WGAN_GP;noisy_sine;noise_scale_09;naive;pred_score;0.3358675569295883;0.0114326682138615;columns_random
770;Diffusion;power_law;a_0.1;ts;disc_score;0.6169050008058548;0.0179518883099897;NaN
771;TimeGAN;power_law;a_0.1;ts;disc_score;0.6877126693725586;0.0072708315611555;NaN
772;WGAN_GP;power_law;a_0.1;gasf;disc_score;0.7120075479824752;0.0251030959731073;columns_random
773;WGAN_GP;power_law;a_0.1;xirp;disc_score;0.6947960903189975;0.025452032626875648;columns_random
774;WGAN_GP;power_law;a_0.1;naive;disc_score;0.6189688086509705;0.043485279771566;columns_random
775;Diffusion;power_law;a_0.1;ts;pred_score;0.3591489478945732;0.0920214241944523;NaN
776;TimeGAN;power_law;a_0.1;ts;pred_score;0.3637675553560257;0.0969057765739028;NaN
777;WGAN_GP;power_law;a_0.1;gasf;pred_score;0.4075948609599546;0.10695881391655887;columns_random
778;WGAN_GP;power_law;a_0.1;xirp;pred_score;0.3806286094801408;0.09627777401234545;columns_random
779;WGAN_GP;power_law;a_0.1;naive;pred_score;0.3794988453388214;0.0939217070592484;columns_random
780;Diffusion;power_law;a_0.2;ts;disc_score;0.5991984605789185;0.0169376978389976;NaN
781;TimeGAN;power_law;a_0.2;ts;disc_score;0.6912316501140594;0.0037295062516213;NaN
782;WGAN_GP;power_law;a_0.2;gasf;disc_score;0.1880314759910106;0.0982724149413422;columns_random
783;WGAN_GP;power_law;a_0.2;xirp;disc_score;0.159386520832777;0.034792457652456;columns_random
784;WGAN_GP;power_law;a_0.2;naive;disc_score;0.6321628630161286;0.0468712276408687;columns_random
785;Diffusion;power_law;a_0.2;ts;pred_score;0.3467469185590744;0.0863929557193566;NaN
786;TimeGAN;power_law;a_0.2;ts;pred_score;0.3975585520267486;0.0992386195718129;NaN
787;WGAN_GP;power_law;a_0.2;gasf;pred_score;0.1067156925797462;0.0169453376886427;columns_random
788;WGAN_GP;power_law;a_0.2;xirp;pred_score;0.1066985264420509;0.016972800443129;columns_random
789;WGAN_GP;power_law;a_0.2;naive;pred_score;0.3785872846841812;0.1005664056339403;columns_random
790;Diffusion;power_law;a_0.3;ts;disc_score;0.530166520178318;0.0294207057979214;NaN
791;TimeGAN;power_law;a_0.3;ts;disc_score;0.6833438277244568;0.0069173598958903;NaN
792;WGAN_GP;power_law;a_0.3;gasf;disc_score;0.331007382273674;0.1108403159761001;columns_random
793;WGAN_GP;power_law;a_0.3;xirp;disc_score;0.3383744567632675;0.1102723703047191;columns_random
794;WGAN_GP;power_law;a_0.3;naive;disc_score;0.5885809659957886;0.0398148531408692;columns_random
795;Diffusion;power_law;a_0.3;ts;pred_score;0.3757152795791626;0.1025772299794714;NaN
796;TimeGAN;power_law;a_0.3;ts;pred_score;0.3325787872076035;0.1019620026725567;NaN
797;WGAN_GP;power_law;a_0.3;gasf;pred_score;0.1883571665734052;0.1900416950927988;columns_random
798;WGAN_GP;power_law;a_0.3;xirp;pred_score;0.1883571680635213;0.1900416940636319;columns_random
799;WGAN_GP;power_law;a_0.3;naive;pred_score;0.3360467791557312;0.0999004719649496;columns_random
800;Diffusion;power_law;a_0.4;ts;disc_score;0.5720060378313064;0.0152994313286857;NaN
801;TimeGAN;power_law;a_0.4;ts;disc_score;0.6845187544822693;0.0067891224635742;NaN
802;WGAN_GP;power_law;a_0.4;gasf;disc_score;0.6702257931232453;0.0224056216157142;columns_random
803;WGAN_GP;power_law;a_0.4;xirp;disc_score;0.6635307967662811;0.0341923303298331;columns_random
804;WGAN_GP;power_law;a_0.4;naive;disc_score;0.6725077092647552;0.0246992255044082;columns_random
805;Diffusion;power_law;a_0.4;ts;pred_score;0.3492855340242385;0.099114138031757;NaN
806;TimeGAN;power_law;a_0.4;ts;pred_score;0.3863921970129013;0.1141757727551905;NaN
807;WGAN_GP;power_law;a_0.4;gasf;pred_score;0.1404670648276806;0.1527615095804879;columns_random
808;WGAN_GP;power_law;a_0.4;xirp;pred_score;0.1404670663177967;0.1527615089702879;columns_random
809;WGAN_GP;power_law;a_0.4;naive;pred_score;0.3411880224943161;0.1039660955463971;columns_random
810;Diffusion;power_law;a_0.5;ts;disc_score;0.6142502933740616;0.0162406178940487;NaN
811;TimeGAN;power_law;a_0.5;ts;disc_score;0.6767613291740417;0.0176363370690556;NaN
812;WGAN_GP;power_law;a_0.5;gasf;disc_score;0.6190558254718781;0.0514705443403542;columns_random
813;WGAN_GP;power_law;a_0.5;xirp;disc_score;0.6208695352077485;0.0477102310844744;columns_random
814;WGAN_GP;power_law;a_0.5;naive;disc_score;0.6178340137004852;0.0356241694110243;columns_random
815;Diffusion;power_law;a_0.5;ts;pred_score;0.3039495088160038;0.0941278696658942;NaN
816;TimeGAN;power_law;a_0.5;ts;pred_score;0.4169933795928955;0.1136470227878958;NaN
817;WGAN_GP;power_law;a_0.5;gasf;pred_score;0.1027242638170719;0.0055786642605104;columns_random
818;WGAN_GP;power_law;a_0.5;xirp;pred_score;0.1027242645621299;0.0055786669614865;columns_random
819;WGAN_GP;power_law;a_0.5;naive;pred_score;0.3463195234537125;0.1188698617284886;columns_random
820;Diffusion;power_law;a_0.6;ts;disc_score;0.5313939973711967;0.0276862388277774;NaN
821;TimeGAN;power_law;a_0.6;ts;disc_score;0.6487519383430481;0.014041260176019;NaN
822;WGAN_GP;power_law;a_0.6;gasf;disc_score;0.5449066519737243;0.0970924238113018;columns_random
823;WGAN_GP;power_law;a_0.6;xirp;disc_score;0.5356677085161209;0.1102465996552154;columns_random
824;WGAN_GP;power_law;a_0.6;naive;disc_score;0.6577799201011658;0.032590970866307;columns_random
825;Diffusion;power_law;a_0.6;ts;pred_score;0.4018325090408325;0.1077111980160891;NaN
826;TimeGAN;power_law;a_0.6;ts;pred_score;0.3977794557809829;0.1124251056556858;NaN
827;WGAN_GP;power_law;a_0.6;gasf;pred_score;0.1013757184147834;0.0075853860740356;columns_random
828;WGAN_GP;power_law;a_0.6;xirp;pred_score;0.101375712454319;0.0075853777571938;columns_random
829;WGAN_GP;power_law;a_0.6;naive;pred_score;0.3765245318412781;0.1135304237185225;columns_random
830;Diffusion;power_law;a_0.7;ts;disc_score;0.6027147710323334;0.0158939941964426;NaN
831;TimeGAN;power_law;a_0.7;ts;disc_score;0.6527908444404602;0.0238392043001169;NaN
832;WGAN_GP;power_law;a_0.7;gasf;disc_score;0.6137538015842438;0.0974051968774884;columns_random
833;WGAN_GP;power_law;a_0.7;xirp;disc_score;0.631049245595932;0.0696318856811781;columns_random
834;WGAN_GP;power_law;a_0.7;naive;disc_score;0.6388756990432739;0.0540115731044936;columns_random
835;Diffusion;power_law;a_0.7;ts;pred_score;0.3422829478979111;0.1028765909048733;NaN
836;TimeGAN;power_law;a_0.7;ts;pred_score;0.3721945285797119;0.1099474419280351;NaN
837;WGAN_GP;power_law;a_0.7;gasf;pred_score;0.1327230259776115;0.1552412574311452;columns_random
838;WGAN_GP;power_law;a_0.7;xirp;pred_score;0.1327230364084243;0.1552412543323502;columns_random
839;WGAN_GP;power_law;a_0.7;naive;pred_score;0.3496535927057266;0.1079949051453492;columns_random
840;Diffusion;power_law;a_0.8;ts;disc_score;0.5779598593711853;0.0171914375148912;NaN
841;TimeGAN;power_law;a_0.8;ts;disc_score;0.6353715896606446;0.038364697140401;NaN
842;WGAN_GP;power_law;a_0.8;gasf;disc_score;0.5316397935152054;0.1007284950680839;columns_random
843;WGAN_GP;power_law;a_0.8;xirp;disc_score;0.5684552371501923;0.0835677567274857;columns_random
844;WGAN_GP;power_law;a_0.8;naive;disc_score;0.6067432820796966;0.0305135620268275;columns_random
845;Diffusion;power_law;a_0.8;ts;pred_score;0.3306695431470871;0.0880565684534602;NaN
846;TimeGAN;power_law;a_0.8;ts;pred_score;0.355053648352623;0.1041932507696097;NaN
847;WGAN_GP;power_law;a_0.8;gasf;pred_score;0.1257804274559021;0.1414026881195327;columns_random
848;WGAN_GP;power_law;a_0.8;xirp;pred_score;0.1257804207503795;0.141402690349293;columns_random
849;WGAN_GP;power_law;a_0.8;naive;pred_score;0.3587312817573547;0.1011742439623231;columns_random
850;Diffusion;power_law;a_0.9;ts;disc_score;0.6060163289308548;0.0164717162837832;NaN
851;TimeGAN;power_law;a_0.9;ts;disc_score;0.6609985828399658;0.0161521070163786;NaN
852;WGAN_GP;power_law;a_0.9;gasf;disc_score;0.0251408586278557;0.017457064666675;columns_random
853;WGAN_GP;power_law;a_0.9;xirp;disc_score;0.0197516195010393;0.0194848457913752;columns_random
854;WGAN_GP;power_law;a_0.9;naive;disc_score;0.5892171144485474;0.0271811028648329;columns_random
855;Diffusion;power_law;a_0.9;ts;pred_score;0.3738870367407799;0.1072573306724358;NaN
856;TimeGAN;power_law;a_0.9;ts;pred_score;0.3020086705684662;0.0894358122869618;NaN
857;WGAN_GP;power_law;a_0.9;gasf;pred_score;0.0995513811707496;0.0758001807837433;columns_random
858;WGAN_GP;power_law;a_0.9;xirp;pred_score;0.0995890974998474;0.0757860456967472;columns_random
859;WGAN_GP;power_law;a_0.9;naive;pred_score;0.3685830771923065;0.1124732254203368;columns_random
860;Diffusion;sine;shift_10;ts;disc_score;0.0518013248220086;0.0076821859218584;NaN
861;TimeGAN;sine;shift_10;ts;disc_score;0.6463041365146637;0.0257272242502354;NaN
862;WGAN_GP;sine;shift_10;gasf;disc_score;0.441529662157969;0.031521453320202245;columns_random
863;WGAN_GP;sine;shift_10;xirp;disc_score;0.3998900346861819;0.03187168015944635;columns_random
864;WGAN_GP;sine;shift_10;naive;disc_score;0.486464649438858;0.0575884660371022;columns_random
865;Diffusion;sine;shift_10;ts;pred_score;0.4081993520259857;0.1148344854237462;NaN
866;TimeGAN;sine;shift_10;ts;pred_score;0.4577527403831481;0.146487488561542;NaN
867;WGAN_GP;sine;shift_10;gasf;pred_score;0.4391366938132803;0.09965614648523173;columns_random
868;WGAN_GP;sine;shift_10;xirp;pred_score;0.4314544117331865;0.09741975422583575;columns_random
869;WGAN_GP;sine;shift_10;naive;pred_score;0.3616791367530823;0.0040621771223203;columns_random
870;Diffusion;sine;shift_20;ts;disc_score;0.1099273853003978;0.0178052354059742;NaN
871;TimeGAN;sine;shift_20;ts;disc_score;0.6108538866043091;0.0169655938594549;NaN
872;WGAN_GP;sine;shift_20;gasf;disc_score;0.684679102897644;0.0133426438824192;columns_random
873;WGAN_GP;sine;shift_20;xirp;disc_score;0.6728884696960449;0.0145354751301252;columns_random
874;WGAN_GP;sine;shift_20;naive;disc_score;0.3924876153469085;0.0279682385215989;columns_random
875;Diffusion;sine;shift_20;ts;pred_score;0.4094480663537979;0.1326511985834973;NaN
876;TimeGAN;sine;shift_20;ts;pred_score;0.4618826150894165;0.1444146809128714;NaN
877;WGAN_GP;sine;shift_20;gasf;pred_score;0.0881952606141567;0.0063704450671388;columns_random
878;WGAN_GP;sine;shift_20;xirp;pred_score;0.0888303913176059;0.0068645998857228;columns_random
879;WGAN_GP;sine;shift_20;naive;pred_score;0.4096704602241516;0.1150464380067121;columns_random
880;Diffusion;sine;shift_30;ts;disc_score;0.0452351585030555;0.0145797304603522;NaN
881;TimeGAN;sine;shift_30;ts;disc_score;0.5987973511219025;0.0352186273912746;NaN
882;WGAN_GP;sine;shift_30;gasf;disc_score;0.676722276210785;0.0147407778221287;columns_random
883;WGAN_GP;sine;shift_30;xirp;disc_score;0.668738865852356;0.0139066697121421;columns_random
884;WGAN_GP;sine;shift_30;naive;disc_score;0.4666156679391861;0.0235828993806783;columns_random
885;Diffusion;sine;shift_30;ts;pred_score;0.5078878745436668;0.1067468609441117;NaN
886;TimeGAN;sine;shift_30;ts;pred_score;0.4407417118549347;0.1289021157865528;NaN
887;WGAN_GP;sine;shift_30;gasf;pred_score;0.0874475382268428;0.001774552990537;columns_random
888;WGAN_GP;sine;shift_30;xirp;pred_score;0.0873622201383113;0.001926662594206;columns_random
889;WGAN_GP;sine;shift_30;naive;pred_score;0.4475975543260574;0.124825506632938;columns_random
890;Diffusion;sine;shift_40;ts;disc_score;0.7279018862368214;0.02263664030908346;NaN
891;TimeGAN;sine;shift_40;ts;disc_score;0.6603347420692444;0.0243527369402227;NaN
892;WGAN_GP;sine;shift_40;gasf;disc_score;0.683402705192566;0.0092906478823269;columns_random
893;WGAN_GP;sine;shift_40;xirp;disc_score;0.6813893675804138;0.0177595982893119;columns_random
894;WGAN_GP;sine;shift_40;naive;disc_score;0.5109676212072373;0.0373443891825922;columns_random
895;Diffusion;sine;shift_40;ts;pred_score;0.2651255492518037;0.07391558733249451;NaN
896;TimeGAN;sine;shift_40;ts;pred_score;0.3976559787988662;0.1178014485730694;NaN
897;WGAN_GP;sine;shift_40;gasf;pred_score;0.0792562112212181;0.0026402095078954;columns_random
898;WGAN_GP;sine;shift_40;xirp;pred_score;0.08355803519813279;0.0026402095078954;columns_random
899;WGAN_GP;sine;shift_40;naive;pred_score;0.4250125288963318;0.1363855751443101;columns_random
900;Diffusion;sine;shift_50;ts;disc_score;0.6468593091590684;0.019582287598435857;NaN
901;TimeGAN;sine;shift_50;ts;disc_score;0.3875442892313003;0.0175752724036975;NaN
902;WGAN_GP;sine;shift_50;gasf;disc_score;0.6842200219631195;0.0116682849492399;columns_random
903;WGAN_GP;sine;shift_50;xirp;disc_score;0.6805727303028106;0.0100673465918997;columns_random
904;WGAN_GP;sine;shift_50;naive;disc_score;0.542170986533165;0.0359488351505409;columns_random
905;Diffusion;sine;shift_50;ts;pred_score;0.27729031186272346;0.07827477264002745;NaN
906;TimeGAN;sine;shift_50;ts;pred_score;0.4437526106834412;0.1238056374239729;NaN
907;WGAN_GP;sine;shift_50;gasf;pred_score;0.0699565388262271;0.0066039879872612;columns_random
908;WGAN_GP;sine;shift_50;xirp;pred_score;0.0699565589427948;0.0066039961508163;columns_random
909;WGAN_GP;sine;shift_50;naive;pred_score;0.4802327781915664;0.1518223541673463;columns_random
910;Diffusion;sine;shift_60;ts;disc_score;0.7285483674061998;0.01258191496237862;NaN
911;TimeGAN;sine;shift_60;ts;disc_score;0.6934671700000763;0.0042569248770209;NaN
912;WGAN_GP;sine;shift_60;gasf;disc_score;0.665228807926178;0.0080703291255888;columns_random
913;WGAN_GP;sine;shift_60;xirp;disc_score;0.6735021293163299;0.0106681488511843;columns_random
914;WGAN_GP;sine;shift_60;naive;disc_score;0.543027126789093;0.0257514669321534;columns_random
915;Diffusion;sine;shift_60;ts;pred_score;0.29752415981893326;0.07788701058422369;NaN
916;TimeGAN;sine;shift_60;ts;pred_score;0.5179229825735092;0.1446721266785378;NaN
917;WGAN_GP;sine;shift_60;gasf;pred_score;0.076863819360733;0.0064096496016041;columns_random
918;WGAN_GP;sine;shift_60;xirp;pred_score;0.0759271647781133;0.007660333459521;columns_random
919;WGAN_GP;sine;shift_60;naive;pred_score;0.4274980366230011;0.1363193178589415;columns_random
920;Diffusion;sine;shift_70;ts;disc_score;0.1497200865298509;0.0195872238891839;NaN
921;TimeGAN;sine;shift_70;ts;disc_score;0.5481826066970825;0.020854014422778;NaN
922;WGAN_GP;sine;shift_70;gasf;disc_score;0.6823452293872834;0.0073851808387763;columns_random
923;WGAN_GP;sine;shift_70;xirp;disc_score;0.6820143222808838;0.0088323199916752;columns_random
924;WGAN_GP;sine;shift_70;naive;disc_score;0.5550562024116517;0.0241786164202513;columns_random
925;Diffusion;sine;shift_70;ts;pred_score;0.4307410418987274;0.135024242365747;NaN
926;TimeGAN;sine;shift_70;ts;pred_score;0.4634548753499984;0.1418356819884149;NaN
927;WGAN_GP;sine;shift_70;gasf;pred_score;0.0740206345915794;0.0050171666991098;columns_random
928;WGAN_GP;sine;shift_70;xirp;pred_score;0.06669627679616835;0.0050171666991098;columns_random
929;WGAN_GP;sine;shift_70;naive;pred_score;0.4569632411003113;0.1467997794115769;columns_random
930;Diffusion;sine;shift_80;ts;disc_score;0.117470021545887;0.0139028754998885;NaN
931;TimeGAN;sine;shift_80;ts;disc_score;0.527090561389923;0.0253814116985637;NaN
932;WGAN_GP;sine;shift_80;gasf;disc_score;0.6725542962551116;0.0061187864019867;columns_random
933;WGAN_GP;sine;shift_80;xirp;disc_score;0.6690678179264069;0.0104224869460789;columns_random
934;WGAN_GP;sine;shift_80;naive;disc_score;0.5969213128089905;0.0410394124747111;columns_random
935;Diffusion;sine;shift_80;ts;pred_score;0.4530347809195518;0.1381581221872129;NaN
936;TimeGAN;sine;shift_80;ts;pred_score;0.4987887740135193;0.1421702164609079;NaN
937;WGAN_GP;sine;shift_80;gasf;pred_score;0.0801257759332656;0.0096737062820963;columns_random
938;WGAN_GP;sine;shift_80;xirp;pred_score;0.0823426246643066;0.0094632131866886;columns_random
939;WGAN_GP;sine;shift_80;naive;pred_score;0.4344639658927917;0.1353940598754693;columns_random
940;Diffusion;sine;shift_90;ts;disc_score;0.1344689339399337;0.0282106365229128;NaN
941;TimeGAN;sine;shift_90;ts;disc_score;0.6029155731201172;0.0276061985055779;NaN
942;WGAN_GP;sine;shift_90;gasf;disc_score;0.6132965981960297;0.0166582966572988;columns_random
943;WGAN_GP;sine;shift_90;xirp;disc_score;0.6216655790805816;0.0286679757907057;columns_random
944;WGAN_GP;sine;shift_90;naive;disc_score;0.6157886385917664;0.0459407245860776;columns_random
945;Diffusion;sine;shift_90;ts;pred_score;0.5041058450937271;0.1400212278795507;NaN
946;TimeGAN;sine;shift_90;ts;pred_score;0.4844532400369644;0.146075455728329;NaN
947;WGAN_GP;sine;shift_90;gasf;pred_score;0.0765247039496898;0.003750370440153;columns_random
948;WGAN_GP;sine;shift_90;xirp;pred_score;0.0765247084200382;0.0037503803366005;columns_random
949;WGAN_GP;sine;shift_90;naive;pred_score;0.4253170907497406;0.1345399331465771;columns_random
950;Diffusion;stock_data;Adj_Close;ts;disc_score;0.5889961593129401;0.04879922977618204;NaN
951;TimeGAN;stock_data;Adj_Close;ts;disc_score;0.5510304689407348;0.0314489526901389;NaN
952;WGAN_GP;stock_data;Adj_Close;gasf;disc_score;0.505503523349762;0.03363360581352;columns_random
953;WGAN_GP;stock_data;Adj_Close;xirp;disc_score;0.5992356300354004;0.0913298820450156;columns_random
954;WGAN_GP;stock_data;Adj_Close;naive;disc_score;0.4955289125442504;0.0299655807986071;columns_random
955;Diffusion;stock_data;Adj_Close;ts;pred_score;0.2887389578440925;0.048300479202233446;NaN
956;TimeGAN;stock_data;Adj_Close;ts;pred_score;0.2734925463795662;0.0603090641600892;NaN
957;WGAN_GP;stock_data;Adj_Close;gasf;pred_score;0.3702637732028961;0.0523318257007928;columns_random
958;WGAN_GP;stock_data;Adj_Close;xirp;pred_score;0.0835223712027073;0.0025565534931543;columns_random
959;WGAN_GP;stock_data;Adj_Close;naive;pred_score;0.2854454174637794;0.06591769552672;columns_random
960;Diffusion;stock_data;Close;ts;disc_score;0.45221390620414165;0.034666370147266534;NaN
961;TimeGAN;stock_data;Close;ts;disc_score;0.4842130154371261;0.0269173900273774;NaN
962;WGAN_GP;stock_data;Close;gasf;disc_score;0.588722425699234;0.0209619641032714;columns_random
963;WGAN_GP;stock_data;Close;xirp;disc_score;0.1836048498749733;0.0443376660894676;columns_random
964;WGAN_GP;stock_data;Close;naive;disc_score;0.5039847403764725;0.0416458748736385;columns_random
965;Diffusion;stock_data;Close;ts;pred_score;0.27806721500159304;0.07103895148802006;NaN
966;TimeGAN;stock_data;Close;ts;pred_score;0.3287677526473999;0.0561528910897232;NaN
967;WGAN_GP;stock_data;Close;gasf;pred_score;0.3822561472654343;0.0727979066284955;columns_random
968;WGAN_GP;stock_data;Close;xirp;pred_score;0.1046116590499877;0.0875650047161149;columns_random
969;WGAN_GP;stock_data;Close;naive;pred_score;0.2735548809170723;0.0606464273778665;columns_random
970;Diffusion;stock_data;High;ts;disc_score;0.6211796715044651;0.025289261789879225;NaN
971;TimeGAN;stock_data;High;ts;disc_score;0.663159191608429;0.0204873080169427;NaN
972;WGAN_GP;stock_data;High;gasf;disc_score;0.5722731351852417;0.0221400803188286;columns_random
973;WGAN_GP;stock_data;High;xirp;disc_score;0.6324809653786713;0.023919553628760085;columns_random
974;WGAN_GP;stock_data;High;naive;disc_score;0.5358792960643768;0.0258030388238394;columns_random
975;Diffusion;stock_data;High;ts;pred_score;0.33408073723731946;0.06897290982128818;NaN
976;TimeGAN;stock_data;High;ts;pred_score;0.265449021756649;0.0509620556805608;NaN
977;WGAN_GP;stock_data;High;gasf;pred_score;0.3964855521917343;0.0680891424679739;columns_random
978;WGAN_GP;stock_data;High;xirp;pred_score;0.33767540627458187;0.0696089180926074;columns_random
979;WGAN_GP;stock_data;High;naive;pred_score;0.2852354615926742;0.0675290953360181;columns_random
980;Diffusion;stock_data;Low;ts;disc_score;0.6236270198588866;0.02949113370461892;NaN
981;TimeGAN;stock_data;Low;ts;disc_score;0.572819834947586;0.0160304035197693;NaN
982;WGAN_GP;stock_data;Low;gasf;disc_score;0.5568699717521668;0.021747861625891;columns_random
983;WGAN_GP;stock_data;Low;xirp;disc_score;0.6316009640693665;0.0498429657656569;columns_random
984;WGAN_GP;stock_data;Low;naive;disc_score;0.5168053478002548;0.0272789658670673;columns_random
985;Diffusion;stock_data;Low;ts;pred_score;0.3005893593439945;0.06488912943091649;NaN
986;TimeGAN;stock_data;Low;ts;pred_score;0.3014349043369293;0.0695086033137814;NaN
987;WGAN_GP;stock_data;Low;gasf;pred_score;0.3945618152618408;0.0869626528458902;columns_random
988;WGAN_GP;stock_data;Low;xirp;pred_score;0.1044425949454307;0.0099203148331083;columns_random
989;WGAN_GP;stock_data;Low;naive;pred_score;0.2719237133860588;0.0641102836194738;columns_random
990;Diffusion;stock_data;Volume;ts;disc_score;0.0697951003909111;0.0176507219159038;NaN
991;TimeGAN;stock_data;Volume;ts;disc_score;0.67832310795784;0.006440709683668;NaN
992;WGAN_GP;stock_data;Volume;gasf;disc_score;0.0268092634622007;0.0139176880460566;columns_random
993;WGAN_GP;stock_data;Volume;xirp;disc_score;0.6649178802967072;0.0184008902999519;columns_random
994;WGAN_GP;stock_data;Volume;naive;disc_score;0.6907674968242645;0.0071084228521951;columns_random
995;Diffusion;stock_data;Volume;ts;pred_score;0.7649990767240524;9.430748888052698e-05;NaN
996;TimeGAN;stock_data;Volume;ts;pred_score;0.6921266853809357;7.671117782592773e-06;NaN
997;WGAN_GP;stock_data;Volume;gasf;pred_score;0.927946388721466;0.1357068861414851;columns_random
998;WGAN_GP;stock_data;Volume;xirp;pred_score;0.1089162409305572;0.0025833362732936;columns_random
999;WGAN_GP;stock_data;Volume;naive;pred_score;0.6914637684822083;0.0047828572389659;columns_random